FIPS,Estimate Median value (dollars),Margin of Error!!Median value (dollars),Annotation of Margin of Error!!Median value (dollars),Annotation of Estimate!!Median value (dollars)
01001,137500,4664,null,null
01003,175700,3794,null,null
01005,91600,7277,null,null
01007,87500,8349,null,null
01009,111500,5054,null,null
01011,68000,6070,null,null
01013,74300,5547,null,null
01015,99600,3034,null,null
01017,82400,2925,null,null
01019,96200,8040,null,null
01021,104300,5964,null,null
01023,61400,5312,null,null
01025,79900,7068,null,null
01027,83400,8046,null,null
01029,88200,8647,null,null
01031,121800,5353,null,null
01033,97300,4226,null,null
01035,76700,7374,null,null
01037,79200,5320,null,null
01039,86100,3860,null,null
01041,75400,7720,null,null
01043,102300,3994,null,null
01045,96800,2826,null,null
01047,70200,3949,null,null
01049,87400,3914,null,null
01051,143200,4423,null,null
01053,84500,3725,null,null
01055,102000,3761,null,null
01057,72200,7909,null,null
01059,81400,4333,null,null
01061,82000,3553,null,null
01063,77100,6530,null,null
01065,73500,4630,null,null
01067,95100,9242,null,null
01069,120500,2915,null,null
01071,88900,3287,null,null
01073,141700,1663,null,null
01075,70000,6354,null,null
01077,108100,3329,null,null
01079,95000,5765,null,null
01081,144100,4825,null,null
01083,128700,5668,null,null
01085,64900,7918,null,null
01087,77900,5046,null,null
01089,160400,2273,null,null
01091,88500,10820,null,null
01093,75900,3722,null,null
01095,107000,4054,null,null
01097,124100,1986,null,null
01099,77900,5827,null,null
01101,124000,2285,null,null
01103,117300,3130,null,null
01105,62200,11299,null,null
01107,81200,4888,null,null
01109,102800,10033,null,null
01111,91200,7274,null,null
01113,96200,3841,null,null
01115,129700,5606,null,null
01117,198900,2404,null,null
01119,75300,9038,null,null
01121,89100,3779,null,null
01123,96600,5996,null,null
01125,150600,2534,null,null
01127,83600,3782,null,null
01129,85600,5488,null,null
01131,54500,5668,null,null
01133,83500,4444,null,null
02013,121700,16043,null,null
02016,193800,38713,null,null
02020,276200,3409,null,null
02050,171100,25683,null,null
02060,172300,18328,null,null
02068,179500,43943,null,null
02070,182500,18262,null,null
02090,212800,5194,null,null
02100,173800,85906,null,null
02105,208200,31289,null,null
02110,299100,10729,null,null
02122,200000,5751,null,null
02130,254900,12533,null,null
02150,214000,21178,null,null
02164,157600,24504,null,null
02170,216500,3503,null,null
02180,144200,15938,null,null
02185,137500,23384,null,null
02188,131100,7705,null,null
02195,182200,29677,null,null
02198,145000,15660,null,null
02220,315200,28634,null,null
02230,310300,40275,null,null
02240,158900,13769,null,null
02261,167700,7543,null,null
02270,85100,3953,null,null
02275,168500,29085,null,null
02282,155500,15549,null,null
02290,102500,6145,null,null
04001,83200,3643,null,null
04003,155700,3732,null,null
04005,246600,7576,null,null
04007,154200,6630,null,null
04009,121100,7185,null,null
04011,73200,5787,null,null
04012,95700,13199,null,null
04013,219300,1108,null,null
04015,158200,3283,null,null
04017,130400,8795,null,null
04019,190500,1605,null,null
04021,144500,3366,null,null
04023,152700,7165,null,null
04025,216900,5227,null,null
04027,138600,3897,null,null
05001,79000,4343,null,null
05003,61800,3723,null,null
05005,121900,4267,null,null
05007,155700,2717,null,null
05009,108400,6341,null,null
05011,63900,4105,null,null
05013,51300,4762,null,null
05015,118200,10967,null,null
05017,54700,6337,null,null
05019,78700,6359,null,null
05021,59100,2744,null,null
05023,116800,8561,null,null
05025,74900,8485,null,null
05027,79500,5890,null,null
05029,82900,4724,null,null
05031,111900,4498,null,null
05033,99400,5176,null,null
05035,99200,3447,null,null
05037,73600,3692,null,null
05039,58400,6481,null,null
05041,58100,4466,null,null
05043,73500,10977,null,null
05045,130900,3323,null,null
05047,85800,6040,null,null
05049,87300,11231,null,null
05051,128400,4716,null,null
05053,102500,7276,null,null
05055,92800,4430,null,null
05057,69000,6680,null,null
05059,81600,3330,null,null
05061,71900,4195,null,null
05063,86700,5010,null,null
05065,79200,5176,null,null
05067,58100,3812,null,null
05069,78400,1884,null,null
05071,86200,3807,null,null
05073,50600,6387,null,null
05075,58700,3260,null,null
05077,51600,4321,null,null
05079,61900,10474,null,null
05081,78200,4304,null,null
05083,80200,3004,null,null
05085,117200,3154,null,null
05087,99400,10593,null,null
05089,92100,8090,null,null
05091,89400,3924,null,null
05093,72400,3966,null,null
05095,58900,6095,null,null
05097,75500,4945,null,null
05099,57800,7476,null,null
05101,76400,4976,null,null
05103,63400,3853,null,null
05105,82400,6778,null,null
05107,60400,4394,null,null
05109,74900,5503,null,null
05111,66000,2899,null,null
05113,82500,4494,null,null
05115,103300,5888,null,null
05117,73800,3707,null,null
05119,139800,2465,null,null
05121,69800,4556,null,null
05123,66400,3773,null,null
05125,135300,3322,null,null
05127,76700,8566,null,null
05129,79000,7548,null,null
05131,113100,2951,null,null
05133,73900,7630,null,null
05135,77300,3586,null,null
05137,93200,9610,null,null
05139,72300,3738,null,null
05141,81600,5943,null,null
05143,153700,2966,null,null
05145,94400,3932,null,null
05147,57300,6331,null,null
05149,79900,4834,null,null
06001,558300,3132,null,null
06003,395600,67084,null,null
06005,318400,13677,null,null
06007,254900,4635,null,null
06009,312000,12822,null,null
06011,244200,16251,null,null
06013,490200,5298,null,null
06015,239800,18354,null,null
06017,409400,7549,null,null
06019,236400,2220,null,null
06021,233800,9511,null,null
06023,314400,6834,null,null
06025,169600,4018,null,null
06027,271100,19307,null,null
06029,196000,2482,null,null
06031,208100,4951,null,null
06033,235900,12306,null,null
06035,199200,12007,null,null
06037,478300,1489,null,null
06039,245500,6366,null,null
06041,840900,11564,null,null
06043,248900,18229,null,null
06045,380800,8746,null,null
06047,197700,6148,null,null
06049,162500,12218,null,null
06051,428600,75763,null,null
06053,497400,11086,null,null
06055,521700,16598,null,null
06057,412600,10048,null,null
06059,575100,2243,null,null
06061,387400,4210,null,null
06063,266100,22910,null,null
06065,284100,2224,null,null
06067,285000,1959,null,null
06069,432900,23530,null,null
06071,278400,2598,null,null
06073,455000,2171,null,null
06075,767300,7861,null,null
06077,264600,3772,null,null
06079,480200,6884,null,null
06081,763100,6897,null,null
06083,523800,14665,null,null
06085,681100,2955,null,null
06087,613500,9642,null,null
06089,246800,3969,null,null
06091,304700,61452,null,null
06093,232200,7861,null,null
06095,340100,4216,null,null
06097,477300,5432,null,null
06099,232000,3796,null,null
06101,233000,6929,null,null
06103,208000,7981,null,null
06105,264200,18670,null,null
06107,191500,2906,null,null
06109,304700,12533,null,null
06111,515900,5390,null,null
06113,365500,7747,null,null
06115,194200,6692,null,null
08001,192300,1439,null,null
08003,130400,20201,null,null
08005,231200,1372,null,null
08007,303800,21821,null,null
08009,71500,8824,null,null
08011,74300,11407,null,null
08013,353000,3810,null,null
08014,270500,8087,null,null
08015,244600,12013,null,null
08017,83200,5322,null,null
08019,279600,19551,null,null
08021,110200,9104,null,null
08023,102600,18546,null,null
08025,83600,5715,null,null
08027,225600,19897,null,null
08029,198400,7961,null,null
08031,243400,2208,null,null
08033,130800,33046,null,null
08035,337900,3340,null,null
08037,530200,37102,null,null
08039,344200,9262,null,null
08041,217000,1523,null,null
08043,158200,5082,null,null
08045,343700,14651,null,null
08047,320700,25712,null,null
08049,283200,22038,null,null
08051,338100,22520,null,null
08053,284800,66727,null,null
08055,149100,21543,null,null
08057,122600,14657,null,null
08059,259400,1893,null,null
08061,75100,10252,null,null
08063,115900,7909,null,null
08065,171600,12357,null,null
08067,342800,9441,null,null
08069,244600,2288,null,null
08071,147600,14578,null,null
08073,104600,8923,null,null
08075,121400,9011,null,null
08077,222800,3815,null,null
08079,284700,48632,null,null
08081,178400,13124,null,null
08083,191500,8120,null,null
08085,202200,7702,null,null
08087,136700,8246,null,null
08089,93300,2816,null,null
08091,442600,35013,null,null
08093,246100,12866,null,null
08095,121200,15425,null,null
08097,664300,90096,null,null
08099,83100,3833,null,null
08101,140700,2210,null,null
08103,201600,15626,null,null
08105,141600,13019,null,null
08107,434700,26548,null,null
08109,131400,18561,null,null
08111,259500,38689,null,null
08113,487100,44781,null,null
08115,83500,4799,null,null
08117,465200,23124,null,null
08119,229600,9310,null,null
08121,117000,9595,null,null
08123,193300,2933,null,null
08125,117700,12018,null,null
09001,466700,3589,null,null
09003,248000,1260,null,null
09005,279600,3498,null,null
09007,306900,5043,null,null
09009,270900,1661,null,null
09011,265700,3230,null,null
09013,266300,3496,null,null
09015,227000,3524,null,null
10001,208300,3816,null,null
10003,254400,2152,null,null
10005,246900,3499,null,null
11001,442600,5332,null,null
12001,185100,3978,null,null
12003,142600,10872,null,null
12005,168400,3282,null,null
12007,121400,6848,null,null
12009,171200,1630,null,null
12011,225300,1991,null,null
12013,80200,10897,null,null
12015,166700,3207,null,null
12017,134800,4320,null,null
12019,178900,3240,null,null
12021,317200,6593,null,null
12023,127100,8418,null,null
12027,114900,8901,null,null
12029,104400,10975,null,null
12031,170300,1374,null,null
12033,145000,2683,null,null
12035,201300,5880,null,null
12037,170100,14816,null,null
12039,109000,6214,null,null
12041,119600,13677,null,null
12043,95200,13222,null,null
12045,150600,19990,null,null
12047,75600,4283,null,null
12049,104100,9079,null,null
12051,103400,8093,null,null
12053,145000,2812,null,null
12055,115600,3887,null,null
12057,185900,1636,null,null
12059,86800,6478,null,null
12061,179300,5620,null,null
12063,97200,6966,null,null
12065,125000,17872,null,null
12067,153500,17779,null,null
12069,167900,2290,null,null
12071,181000,2525,null,null
12073,195300,3644,null,null
12075,108400,5851,null,null
12077,80600,16341,null,null
12079,94100,10094,null,null
12081,195300,3821,null,null
12083,142000,2607,null,null
12085,238200,6056,null,null
12086,246800,1773,null,null
12087,463100,18693,null,null
12089,202300,7720,null,null
12091,196800,3200,null,null
12093,124300,7469,null,null
12095,211100,2074,null,null
12097,170200,2975,null,null
12099,236600,1938,null,null
12101,145100,2095,null,null
12103,172900,1268,null,null
12105,133200,2121,null,null
12107,105300,4757,null,null
12109,279700,8464,null,null
12111,157600,2707,null,null
12113,173400,3526,null,null
12115,213400,3422,null,null
12117,225500,2705,null,null
12119,186800,4297,null,null
12121,108900,9488,null,null
12123,89700,8470,null,null
12125,113500,11515,null,null
12127,172100,1791,null,null
12129,136900,9646,null,null
12131,174000,10525,null,null
12133,96600,12262,null,null
13001,82300,11231,null,null
13003,61100,18852,null,null
13005,67300,8118,null,null
13007,71200,11903,null,null
13009,113700,8067,null,null
13011,149300,12068,null,null
13013,137300,2954,null,null
13015,147000,3424,null,null
13017,77100,6383,null,null
13019,74500,7632,null,null
13021,121900,2484,null,null
13023,81200,8034,null,null
13025,74400,10256,null,null
13027,96300,10316,null,null
13029,182200,8013,null,null
13031,140100,7907,null,null
13033,78900,3475,null,null
13035,140400,10109,null,null
13037,60100,7202,null,null
13039,163000,4545,null,null
13043,79400,11049,null,null
13045,136100,4554,null,null
13047,133100,3243,null,null
13049,84900,9618,null,null
13051,176400,3784,null,null
13053,88300,18434,null,null
13055,78300,5284,null,null
13057,198000,2854,null,null
13059,161100,2625,null,null
13061,71700,14011,null,null
13063,121300,1708,null,null
13065,70800,10329,null,null
13067,210100,2279,null,null
13069,79400,4445,null,null
13071,85600,3904,null,null
13073,169600,3231,null,null
13075,87500,9002,null,null
13077,178500,3512,null,null
13079,88300,8373,null,null
13081,92100,8923,null,null
13083,125500,11146,null,null
13085,193800,16583,null,null
13087,105400,9610,null,null
13089,185100,2163,null,null
13091,70400,5363,null,null
13093,66800,7048,null,null
13095,102100,3874,null,null
13097,153900,2454,null,null
13099,77900,6606,null,null
13101,100200,35199,null,null
13103,154600,4992,null,null
13105,82200,5110,null,null
13107,80200,5744,null,null
13109,89800,10847,null,null
13111,168900,10054,null,null
13113,247500,4778,null,null
13115,120000,3918,null,null
13117,274200,5127,null,null
13119,129100,12865,null,null
13121,250300,3587,null,null
13123,152100,8790,null,null
13125,68700,12726,null,null
13127,180400,11120,null,null
13129,124500,4944,null,null
13131,98000,10812,null,null
13133,125000,33106,null,null
13135,190100,1507,null,null
13137,146900,6840,null,null
13139,174400,2825,null,null
13141,72000,7197,null,null
13143,112900,6404,null,null
13145,209400,9168,null,null
13147,114600,10712,null,null
13149,86800,5848,null,null
13151,167600,2377,null,null
13153,134200,3729,null,null
13155,78900,6804,null,null
13157,163700,5746,null,null
13159,121600,9285,null,null
13161,83800,6993,null,null
13163,69800,5931,null,null
13165,67300,10429,null,null
13167,66000,12725,null,null
13169,137300,8369,null,null
13171,120800,8847,null,null
13173,130600,17927,null,null
13175,89600,3822,null,null
13177,149700,6814,null,null
13179,125700,5340,null,null
13181,103600,11409,null,null
13183,85100,11190,null,null
13185,132200,3934,null,null
13187,169800,9147,null,null
13189,99600,9575,null,null
13191,99000,21795,null,null
13193,68900,9535,null,null
13195,128000,9734,null,null
13197,78200,12077,null,null
13199,94200,7899,null,null
13201,81000,14189,null,null
13205,81100,3924,null,null
13207,143000,12146,null,null
13209,76600,5496,null,null
13211,184700,25657,null,null
13213,99200,5930,null,null
13215,134900,2681,null,null
13217,144500,3356,null,null
13219,234400,10432,null,null
13221,134500,12739,null,null
13223,147700,2750,null,null
13225,118900,7417,null,null
13227,169900,6059,null,null
13229,79900,9090,null,null
13231,156500,9053,null,null
13233,109200,6212,null,null
13235,81200,15581,null,null
13237,150200,20502,null,null
13239,68600,9343,null,null
13241,183600,14282,null,null
13243,61100,7848,null,null
13245,101700,2514,null,null
13247,164700,3736,null,null
13249,98200,16145,null,null
13251,79700,5105,null,null
13253,74800,4484,null,null
13255,121000,3950,null,null
13257,111700,7078,null,null
13259,48800,8894,null,null
13261,87500,4627,null,null
13263,83300,8306,null,null
13265,67400,10382,null,null
13267,78900,8899,null,null
13269,64100,8250,null,null
13271,56700,6169,null,null
13273,75400,3852,null,null
13275,128100,9628,null,null
13277,109700,8399,null,null
13279,92200,8807,null,null
13281,187600,24099,null,null
13283,66000,8250,null,null
13285,129100,4787,null,null
13287,84300,8940,null,null
13289,68900,11853,null,null
13291,199600,19426,null,null
13293,92500,5680,null,null
13295,109300,3700,null,null
13297,163100,3131,null,null
13299,83900,5289,null,null
13301,60100,12653,null,null
13303,81800,3666,null,null
13305,86400,5670,null,null
13307,59800,18508,null,null
13309,62300,10854,null,null
13311,176000,11679,null,null
13313,129100,3618,null,null
13315,65800,13325,null,null
13317,96500,9276,null,null
13319,71500,4242,null,null
13321,83500,8282,null,null
15001,342100,6617,null,null
15003,560300,4382,null,null
15005,-,**,**,-
15007,561600,16833,null,null
15009,594400,9212,null,null
16001,206200,2665,null,null
16003,174300,36752,null,null
16005,140100,2545,null,null
16007,135600,11528,null,null
16009,119400,6326,null,null
16011,133300,4886,null,null
16013,415500,43575,null,null
16015,195800,12975,null,null
16017,236200,8095,null,null
16019,157400,3188,null,null
16021,177500,16206,null,null
16023,111500,6534,null,null
16025,184300,27609,null,null
16027,145400,2788,null,null
16029,115700,8435,null,null
16031,120000,5648,null,null
16033,79700,27574,null,null
16035,127600,17578,null,null
16037,144900,28651,null,null
16039,144400,5261,null,null
16041,167000,7263,null,null
16043,139800,14177,null,null
16045,160400,6967,null,null
16047,124700,9355,null,null
16049,142300,13642,null,null
16051,158200,7204,null,null
16053,135900,8245,null,null
16055,212300,4969,null,null
16057,187300,8599,null,null
16059,173300,14128,null,null
16061,117400,11139,null,null
16063,121600,10524,null,null
16065,174900,7006,null,null
16067,106400,6708,null,null
16069,164700,3062,null,null
16071,122500,9682,null,null
16073,135100,8952,null,null
16075,135500,7440,null,null
16077,135600,15871,null,null
16079,140100,9343,null,null
16081,263100,32666,null,null
16083,150900,3249,null,null
16085,278500,30425,null,null
16087,145900,13598,null,null
17001,99900,2502,null,null
17003,56300,6425,null,null
17005,107300,6397,null,null
17007,171300,4285,null,null
17009,80000,7949,null,null
17011,103800,3360,null,null
17013,109400,8898,null,null
17015,102500,4989,null,null
17017,76900,3447,null,null
17019,147800,2158,null,null
17021,82000,2504,null,null
17023,84700,3978,null,null
17025,71500,4243,null,null
17027,125200,4134,null,null
17029,93100,2705,null,null
17031,256900,1034,null,null
17033,70000,3085,null,null
17035,82100,5133,null,null
17037,188100,3015,null,null
17039,104400,6096,null,null
17041,95000,3571,null,null
17043,309800,2235,null,null
17045,72400,3405,null,null
17047,61500,4097,null,null
17049,108100,3333,null,null
17051,78400,4227,null,null
17053,89900,4287,null,null
17055,63200,2251,null,null
17057,80800,2771,null,null
17059,58700,5301,null,null
17061,71800,3085,null,null
17063,191500,5707,null,null
17065,74100,6251,null,null
17067,81700,2946,null,null
17069,65700,7718,null,null
17071,82900,5725,null,null
17073,109900,4351,null,null
17075,99400,2679,null,null
17077,95100,3897,null,null
17079,82700,5689,null,null
17081,87000,2834,null,null
17083,120800,5258,null,null
17085,142200,7903,null,null
17087,93400,6650,null,null
17089,241600,2343,null,null
17091,147700,3149,null,null
17093,239300,3839,null,null
17095,80700,2128,null,null
17097,280900,2939,null,null
17099,127500,3359,null,null
17101,68300,4665,null,null
17103,114700,4540,null,null
17105,105600,3984,null,null
17107,95700,2893,null,null
17109,87000,2539,null,null
17111,243500,2037,null,null
17113,154600,1820,null,null
17115,92300,2278,null,null
17117,94900,2852,null,null
17119,124300,1984,null,null
17121,71300,2617,null,null
17123,103200,4373,null,null
17125,81500,2783,null,null
17127,80500,5511,null,null
17129,115200,7252,null,null
17131,98200,5332,null,null
17133,201300,6208,null,null
17135,79500,2842,null,null
17137,93000,3608,null,null
17139,93300,5462,null,null
17141,153400,3169,null,null
17143,121900,2058,null,null
17145,76600,2974,null,null
17147,122200,5097,null,null
17149,75300,2918,null,null
17151,87400,11122,null,null
17153,50500,5297,null,null
17155,126800,11660,null,null
17157,88700,3368,null,null
17159,76000,4796,null,null
17161,113100,1987,null,null
17163,126300,2779,null,null
17165,69400,3857,null,null
17167,120900,1814,null,null
17169,72500,6757,null,null
17171,83100,4694,null,null
17173,86500,3229,null,null
17175,86000,5238,null,null
17177,104500,3807,null,null
17179,128900,2463,null,null
17181,88200,4864,null,null
17183,76100,2531,null,null
17185,79500,4187,null,null
17187,84700,3401,null,null
17189,104400,4376,null,null
17191,69300,4108,null,null
17193,67800,5044,null,null
17195,99700,2659,null,null
17197,236300,1529,null,null
17199,89100,2934,null,null
17201,129200,1277,null,null
17203,152200,4150,null,null
18001,114100,3808,null,null
18003,113100,1273,null,null
18005,135400,3662,null,null
18007,85000,2282,null,null
18009,76900,3842,null,null
18011,178300,6910,null,null
18013,159000,6202,null,null
18015,105600,6520,null,null
18017,82400,2504,null,null
18019,127800,2737,null,null
18021,87300,4674,null,null
18023,99100,2487,null,null
18025,86200,6270,null,null
18027,100200,6311,null,null
18029,161400,3887,null,null
18031,118000,5579,null,null
18033,110500,4099,null,null
18035,92200,1673,null,null
18037,133100,6226,null,null
18039,126600,2186,null,null
18041,84600,2463,null,null
18043,150700,3123,null,null
18045,90600,4040,null,null
18047,151600,5698,null,null
18049,93100,4331,null,null
18051,99600,4697,null,null
18053,82500,2809,null,null
18055,89100,3099,null,null
18057,212800,2930,null,null
18059,157200,2913,null,null
18061,124500,4525,null,null
18063,161700,1778,null,null
18065,94400,2922,null,null
18067,104200,2595,null,null
18069,98800,2833,null,null
18071,117400,3456,null,null
18073,143200,4804,null,null
18075,78600,2765,null,null
18077,109900,5331,null,null
18079,90500,3487,null,null
18081,145000,1946,null,null
18083,84700,3097,null,null
18085,133100,4448,null,null
18087,148900,6467,null,null
18089,136400,1523,null,null
18091,120500,2530,null,null
18093,99500,3792,null,null
18095,95900,1840,null,null
18097,120700,831,null,null
18099,124300,3882,null,null
18101,85400,5382,null,null
18103,86800,2577,null,null
18105,151000,3443,null,null
18107,109500,4327,null,null
18109,143600,3415,null,null
18111,108800,6361,null,null
18113,114500,3184,null,null
18115,132600,11646,null,null
18117,91400,4615,null,null
18119,98500,4742,null,null
18121,91000,3938,null,null
18123,95400,4373,null,null
18125,81600,4910,null,null
18127,167000,2313,null,null
18129,119400,4803,null,null
18131,97100,4899,null,null
18133,120500,5538,null,null
18135,78500,1983,null,null
18137,136300,5609,null,null
18139,107000,5325,null,null
18141,116600,1603,null,null
18143,98300,5064,null,null
18145,127100,4618,null,null
18147,110700,4004,null,null
18149,99400,4353,null,null
18151,125600,5043,null,null
18153,78300,2790,null,null
18155,118300,7721,null,null
18157,130400,2725,null,null
18159,113000,6528,null,null
18161,112500,6392,null,null
18163,112800,2026,null,null
18165,75900,3709,null,null
18167,90400,2223,null,null
18169,96700,4169,null,null
18171,100200,6895,null,null
18173,140300,3845,null,null
18175,101300,4545,null,null
18177,98200,2458,null,null
18179,108900,3582,null,null
18181,111000,6331,null,null
18183,124200,4404,null,null
19001,93300,3707,null,null
19003,81100,5771,null,null
19005,108100,6672,null,null
19007,73300,3791,null,null
19009,71200,4613,null,null
19011,128700,4242,null,null
19013,121600,1841,null,null
19015,116300,4674,null,null
19017,139400,4370,null,null
19019,114400,3690,null,null
19021,90800,4162,null,null
19023,92800,3246,null,null
19025,71800,2884,null,null
19027,106100,4473,null,null
19029,84000,2667,null,null
19031,129900,4894,null,null
19033,110200,4852,null,null
19035,78000,4768,null,null
19037,92500,4908,null,null
19039,91100,5986,null,null
19041,99500,4883,null,null
19043,97900,3804,null,null
19045,109200,3475,null,null
19047,79600,4033,null,null
19049,182800,5417,null,null
19051,99200,9614,null,null
19053,69800,5995,null,null
19055,119800,6994,null,null
19057,92600,2895,null,null
19059,157900,7059,null,null
19061,140200,2766,null,null
19063,80100,3576,null,null
19065,81600,2460,null,null
19067,88000,3475,null,null
19069,84700,5096,null,null
19071,93200,4761,null,null
19073,81100,3761,null,null
19075,113700,4755,null,null
19077,95300,5341,null,null
19079,89700,3340,null,null
19081,84800,4668,null,null
19083,87100,2214,null,null
19085,113200,5655,null,null
19087,98900,3470,null,null
19089,93600,4865,null,null
19091,84400,3298,null,null
19093,74400,4142,null,null
19095,133700,6112,null,null
19097,107900,4775,null,null
19099,114000,3988,null,null
19101,91400,4634,null,null
19103,180200,3767,null,null
19105,112100,5972,null,null
19107,74600,3487,null,null
19109,86200,3683,null,null
19111,79000,3057,null,null
19113,139700,1401,null,null
19115,90500,4542,null,null
19117,87400,5813,null,null
19119,101300,4807,null,null
19121,153000,10124,null,null
19123,97000,5175,null,null
19125,132300,7007,null,null
19127,102700,3537,null,null
19129,147900,6914,null,null
19131,100300,6275,null,null
19133,75800,3833,null,null
19135,85800,12564,null,null
19137,83500,5358,null,null
19139,121500,5657,null,null
19141,83900,4198,null,null
19143,68900,6200,null,null
19145,79400,3116,null,null
19147,79800,4410,null,null
19149,124600,5616,null,null
19151,55700,3411,null,null
19153,151800,1492,null,null
19155,127000,2126,null,null
19157,114600,5288,null,null
19159,85600,4412,null,null
19161,77900,3431,null,null
19163,138900,1872,null,null
19165,106900,5017,null,null
19167,125200,5803,null,null
19169,159900,2985,null,null
19171,96200,5726,null,null
19173,64400,3724,null,null
19175,90300,4868,null,null
19177,67100,4371,null,null
19179,76800,2291,null,null
19181,151300,3460,null,null
19183,116700,4544,null,null
19185,57700,4347,null,null
19187,86000,2747,null,null
19189,90500,4320,null,null
19191,152500,5312,null,null
19193,95900,1742,null,null
19195,94900,6669,null,null
19197,74300,3871,null,null
20001,64200,4142,null,null
20003,81100,9416,null,null
20005,87600,4404,null,null
20007,54400,5516,null,null
20009,72500,4347,null,null
20011,80900,5961,null,null
20013,77000,6421,null,null
20015,122500,3410,null,null
20017,82000,7640,null,null
20019,46000,3797,null,null
20021,71400,2554,null,null
20023,68400,6951,null,null
20025,59100,4895,null,null
20027,84000,6833,null,null
20029,63200,4386,null,null
20031,97400,6949,null,null
20033,44600,4986,null,null
20035,79900,2846,null,null
20037,85200,3351,null,null
20039,52200,5294,null,null
20041,102500,6333,null,null
20043,83100,3847,null,null
20045,179900,2947,null,null
20047,55500,4369,null,null
20049,53200,5202,null,null
20051,123600,4999,null,null
20053,68900,7039,null,null
20055,105300,4485,null,null
20057,85000,3810,null,null
20059,120600,4506,null,null
20061,122000,7512,null,null
20063,66300,4234,null,null
20065,67500,7239,null,null
20067,86400,3403,null,null
20069,93200,8061,null,null
20071,75200,9555,null,null
20073,51400,6015,null,null
20075,73300,7103,null,null
20077,64100,5215,null,null
20079,106700,3835,null,null
20081,90300,7007,null,null
20083,68500,8289,null,null
20085,119300,5895,null,null
20087,135800,7376,null,null
20089,48400,6176,null,null
20091,211800,1505,null,null
20093,90700,7235,null,null
20095,81300,6048,null,null
20097,81600,7060,null,null
20099,63500,2794,null,null
20101,56500,10723,null,null
20103,167300,3394,null,null
20105,62900,3312,null,null
20107,98100,9192,null,null
20109,69700,10590,null,null
20111,92600,4010,null,null
20113,119000,3558,null,null
20115,83300,3343,null,null
20117,76400,4232,null,null
20119,77400,8145,null,null
20121,166000,4731,null,null
20123,72100,5495,null,null
20125,71200,3748,null,null
20127,76800,6531,null,null
20129,69500,10012,null,null
20131,89000,4580,null,null
20133,68400,3271,null,null
20135,49700,6528,null,null
20137,61100,7452,null,null
20139,99000,4629,null,null
20141,42300,6501,null,null
20143,83500,6489,null,null
20145,69000,5736,null,null
20147,61000,5927,null,null
20149,148200,9599,null,null
20151,74700,4999,null,null
20153,58400,3777,null,null
20155,88700,1870,null,null
20157,47600,2936,null,null
20159,69100,5439,null,null
20161,164500,5284,null,null
20163,63500,3619,null,null
20165,51200,5417,null,null
20167,64200,7683,null,null
20169,116700,4076,null,null
20171,90600,17320,null,null
20173,120400,1382,null,null
20175,86500,4828,null,null
20177,117300,1910,null,null
20179,83100,4911,null,null
20181,71300,6756,null,null
20183,60200,5107,null,null
20185,53000,6951,null,null
20187,81500,7159,null,null
20189,81500,6702,null,null
20191,84700,3091,null,null
20193,91000,8994,null,null
20195,69600,7626,null,null
20197,103300,9059,null,null
20199,65100,4540,null,null
20201,52500,3418,null,null
20203,75300,13683,null,null
20205,60300,4333,null,null
20207,51500,4758,null,null
20209,97000,2306,null,null
21001,78900,5016,null,null
21003,92300,4113,null,null
21005,132900,6296,null,null
21007,79300,6807,null,null
21009,97600,5303,null,null
21011,66400,6418,null,null
21013,63900,5624,null,null
21015,175200,3271,null,null
21017,141300,9362,null,null
21019,93500,3760,null,null
21021,124300,5701,null,null
21023,89100,5150,null,null
21025,50600,7889,null,null
21027,79400,4335,null,null
21029,143400,3251,null,null
21031,78600,6264,null,null
21033,73100,5502,null,null
21035,112300,5785,null,null
21037,145500,2868,null,null
21039,70300,7164,null,null
21041,105000,11267,null,null
21043,73900,3142,null,null
21045,74800,7581,null,null
21047,97700,3084,null,null
21049,138000,5150,null,null
21051,56700,2924,null,null
21053,64300,5583,null,null
21055,76700,8467,null,null
21057,65500,6350,null,null
21059,107800,2607,null,null
21061,88200,8075,null,null
21063,68200,8010,null,null
21065,71700,5130,null,null
21067,161100,1729,null,null
21069,83400,10990,null,null
21071,68500,3258,null,null
21073,140400,3836,null,null
21075,56800,3777,null,null
21077,105800,12146,null,null
21079,115800,11202,null,null
21081,124300,7222,null,null
21083,84100,3330,null,null
21085,84700,4086,null,null
21087,75600,6096,null,null
21089,88300,3157,null,null
21091,86100,4415,null,null
21093,135700,4830,null,null
21095,53000,3534,null,null
21097,106300,8975,null,null
21099,78900,4170,null,null
21101,100500,4735,null,null
21103,122800,7513,null,null
21105,62700,6468,null,null
21107,79700,3146,null,null
21109,58700,4458,null,null
21111,147900,1064,null,null
21113,154400,6254,null,null
21115,75300,4909,null,null
21117,146700,2049,null,null
21119,59500,3651,null,null
21121,71900,7153,null,null
21123,97400,7430,null,null
21125,95800,4803,null,null
21127,67100,9127,null,null
21129,58200,4289,null,null
21131,52100,5463,null,null
21133,52300,4073,null,null
21135,56900,5279,null,null
21137,87100,5470,null,null
21139,80400,5653,null,null
21141,87800,3661,null,null
21143,96200,12603,null,null
21145,114700,4910,null,null
21147,65800,3187,null,null
21149,75800,6434,null,null
21151,143000,4765,null,null
21153,45600,6044,null,null
21155,97200,6063,null,null
21157,101300,5856,null,null
21159,72800,13227,null,null
21161,99500,5911,null,null
21163,111700,6437,null,null
21165,65000,4862,null,null
21167,133000,11650,null,null
21169,78300,4906,null,null
21171,65600,6998,null,null
21173,103600,8624,null,null
21175,70300,6774,null,null
21177,77200,2907,null,null
21179,120600,4819,null,null
21181,84100,7405,null,null
21183,79400,3477,null,null
21185,240300,4633,null,null
21187,100800,8683,null,null
21189,68900,11988,null,null
21191,104500,10314,null,null
21193,57800,5675,null,null
21195,66500,3569,null,null
21197,76500,7996,null,null
21199,97600,4292,null,null
21201,62900,8886,null,null
21203,73200,5442,null,null
21205,100400,9924,null,null
21207,84500,4436,null,null
21209,155900,6052,null,null
21211,168400,6483,null,null
21213,115400,6214,null,null
21215,166200,5346,null,null
21217,94800,5162,null,null
21219,79600,5489,null,null
21221,105800,9583,null,null
21223,118600,12473,null,null
21225,77800,5743,null,null
21227,137800,2750,null,null
21229,110700,7334,null,null
21231,70900,6728,null,null
21233,68300,5030,null,null
21235,67600,4087,null,null
21237,53200,5740,null,null
21239,190000,8344,null,null
22001,90900,4320,null,null
22003,78300,3455,null,null
22005,166800,3386,null,null
22007,89100,6238,null,null
22009,85000,4060,null,null
22011,84500,3720,null,null
22013,55600,4718,null,null
22015,138600,3805,null,null
22017,118400,3267,null,null
22019,116500,2681,null,null
22021,71900,3837,null,null
22023,118600,21455,null,null
22025,68000,5261,null,null
22027,65900,4805,null,null
22029,78100,8275,null,null
22031,83100,5146,null,null
22033,161600,1440,null,null
22035,45800,4472,null,null
22037,102200,11416,null,null
22039,81800,4458,null,null
22041,76200,4504,null,null
22043,80700,4591,null,null
22045,102600,4428,null,null
22047,89300,6508,null,null
22049,72800,5702,null,null
22051,176700,1523,null,null
22053,85400,2494,null,null
22055,157300,3119,null,null
22057,120200,4314,null,null
22059,74400,4557,null,null
22061,109700,6913,null,null
22063,152800,2802,null,null
22065,70200,8496,null,null
22067,75900,4593,null,null
22069,94700,3766,null,null
22071,183500,2839,null,null
22073,116900,4500,null,null
22075,203000,15646,null,null
22077,108500,7045,null,null
22079,113500,3058,null,null
22081,73500,5263,null,null
22083,69700,8937,null,null
22085,78700,4086,null,null
22087,130500,4870,null,null
22089,175200,5230,null,null
22091,77100,5436,null,null
22093,114000,10065,null,null
22095,148800,3335,null,null
22097,84700,2423,null,null
22099,88200,4399,null,null
22101,87200,3048,null,null
22103,201700,3611,null,null
22105,140000,5969,null,null
22107,66600,15857,null,null
22109,124300,4050,null,null
22111,79000,5216,null,null
22113,94900,3277,null,null
22115,87600,2819,null,null
22117,82900,6395,null,null
22119,79900,3480,null,null
22121,132000,10181,null,null
22123,76200,5549,null,null
22125,163300,17520,null,null
22127,60600,5562,null,null
23001,157100,2228,null,null
23003,88400,1765,null,null
23005,245900,2240,null,null
23007,134300,6564,null,null
23009,203000,6355,null,null
23011,151000,2429,null,null
23013,202800,8071,null,null
23015,206900,8237,null,null
23017,144200,3888,null,null
23019,137900,2009,null,null
23021,106900,5246,null,null
23023,192800,5812,null,null
23025,111700,3448,null,null
23027,152700,4765,null,null
23029,104700,3929,null,null
23031,233500,2956,null,null
24001,123300,3965,null,null
24003,361700,2291,null,null
24005,269400,1692,null,null
24009,384500,7383,null,null
24011,232600,8998,null,null
24013,342900,3752,null,null
24015,262600,4767,null,null
24017,341200,3963,null,null
24019,202000,8820,null,null
24021,335600,3631,null,null
24023,168500,4058,null,null
24025,295900,3528,null,null
24027,447000,4318,null,null
24029,272900,15119,null,null
24031,469900,2712,null,null
24033,312800,2130,null,null
24035,365500,8241,null,null
24037,324500,6025,null,null
24039,162300,7387,null,null
24041,352200,11145,null,null
24043,230500,3766,null,null
24045,195400,4340,null,null
24047,279600,8659,null,null
24510,163700,1542,null,null
25001,384200,3412,null,null
25003,208100,4956,null,null
25005,296400,2038,null,null
25007,679000,28299,null,null
25009,362300,2292,null,null
25011,223200,3661,null,null
25013,202500,2325,null,null
25015,263600,3681,null,null
25017,410100,2275,null,null
25019,993900,43641,null,null
25021,398100,2395,null,null
25023,350700,2095,null,null
25025,371300,3494,null,null
25027,274900,1784,null,null
26001,114700,4192,null,null
26003,114700,5615,null,null
26005,147600,2897,null,null
26007,102800,3611,null,null
26009,156600,5924,null,null
26011,94900,2736,null,null
26013,84700,3988,null,null
26015,142800,3893,null,null
26017,104600,2413,null,null
26019,156700,6364,null,null
26021,135400,2680,null,null
26023,109800,3438,null,null
26025,107000,1932,null,null
26027,131800,4652,null,null
26029,158700,4714,null,null
26031,119100,3437,null,null
26033,103700,3081,null,null
26035,87000,2018,null,null
26037,162400,2851,null,null
26039,102700,5933,null,null
26041,102900,4223,null,null
26043,88600,3975,null,null
26045,147900,2886,null,null
26047,181700,7147,null,null
26049,109000,1379,null,null
26051,112100,3630,null,null
26053,67900,2759,null,null
26055,172800,2863,null,null
26057,90300,2067,null,null
26059,113000,2667,null,null
26061,86200,2615,null,null
26063,102200,2644,null,null
26065,133000,2116,null,null
26067,118600,2804,null,null
26069,98300,2896,null,null
26071,75400,3314,null,null
26073,124100,2790,null,null
26075,123200,2249,null,null
26077,144200,1622,null,null
26079,105300,4793,null,null
26081,145300,983,null,null
26083,87000,10660,null,null
26085,89600,4780,null,null
26087,155000,2486,null,null
26089,241700,8209,null,null
26091,133800,3062,null,null
26093,203200,2561,null,null
26095,84200,3009,null,null
26097,126600,8929,null,null
26099,148600,1142,null,null
26101,120000,4475,null,null
26103,127700,3859,null,null
26105,121500,3885,null,null
26107,117500,4380,null,null
26109,96700,3994,null,null
26111,131900,2850,null,null
26113,111800,3417,null,null
26115,156600,2179,null,null
26117,107000,3071,null,null
26119,100200,5199,null,null
26121,108700,1782,null,null
26123,113800,2619,null,null
26125,190500,1219,null,null
26127,110900,2825,null,null
26129,100800,4104,null,null
26131,75000,3623,null,null
26133,99500,2489,null,null
26135,88800,5358,null,null
26137,120500,4388,null,null
26139,158900,1628,null,null
26141,105600,4709,null,null
26143,102900,5229,null,null
26145,106400,1947,null,null
26147,141800,2682,null,null
26149,113800,2759,null,null
26151,108900,2327,null,null
26153,85100,3662,null,null
26155,122800,2644,null,null
26157,106300,2107,null,null
26159,122300,3234,null,null
26161,208800,2502,null,null
26163,110000,698,null,null
26165,108400,3394,null,null
27001,175400,6491,null,null
27003,215900,1459,null,null
27005,169300,3093,null,null
27007,148900,5613,null,null
27009,165800,3269,null,null
27011,83300,5241,null,null
27013,161700,2479,null,null
27015,122400,4096,null,null
27017,163300,3198,null,null
27019,277600,5260,null,null
27021,185400,6983,null,null
27023,94900,6030,null,null
27025,224700,5030,null,null
27027,149900,3113,null,null
27029,117300,4114,null,null
27031,240600,13275,null,null
27033,83100,3070,null,null
27035,188600,3894,null,null
27037,238300,1559,null,null
27039,162100,3433,null,null
27041,188100,6537,null,null
27043,87300,3014,null,null
27045,137000,3867,null,null
27047,109500,3847,null,null
27049,188000,3648,null,null
27051,102600,5304,null,null
27053,244100,1158,null,null
27055,151000,4123,null,null
27057,173400,4771,null,null
27059,196400,4535,null,null
27061,151900,4267,null,null
27063,97000,4711,null,null
27065,162000,3459,null,null
27067,162000,3609,null,null
27069,65600,3692,null,null
27071,102500,5244,null,null
27073,80300,4494,null,null
27075,142300,6258,null,null
27077,130100,23738,null,null
27079,190900,5150,null,null
27081,77400,4010,null,null
27083,137600,4724,null,null
27085,166200,3090,null,null
27087,89600,6060,null,null
27089,87500,2472,null,null
27091,98800,4816,null,null
27093,165600,3388,null,null
27095,163100,4077,null,null
27097,157600,2809,null,null
27099,108300,3782,null,null
27101,88100,3363,null,null
27103,170000,3446,null,null
27105,100100,4959,null,null
27107,81400,3594,null,null
27109,173000,1632,null,null
27111,161400,3329,null,null
27113,94100,5006,null,null
27115,158200,3520,null,null
27117,87100,6623,null,null
27119,118800,4129,null,null
27121,150500,7623,null,null
27123,217400,1254,null,null
27125,78500,4423,null,null
27127,85100,3138,null,null
27129,97700,4130,null,null
27131,204200,4899,null,null
27133,104100,8171,null,null
27135,101300,4522,null,null
27137,141800,2250,null,null
27139,263100,3925,null,null
27141,218600,4274,null,null
27143,148100,3993,null,null
27145,172600,1795,null,null
27147,158800,2647,null,null
27149,119100,5678,null,null
27151,94600,5248,null,null
27153,135400,5137,null,null
27155,69200,5354,null,null
27157,160300,4961,null,null
27159,117600,5662,null,null
27161,142700,5329,null,null
27163,257200,2917,null,null
27165,93400,5079,null,null
27167,103300,7633,null,null
27169,160200,3236,null,null
27171,213900,2866,null,null
27173,98500,6563,null,null
28001,81100,5424,null,null
28003,85500,4106,null,null
28005,73800,11264,null,null
28007,70800,4602,null,null
28009,82600,8315,null,null
28011,81000,4027,null,null
28013,58700,2409,null,null
28015,62200,4883,null,null
28017,62300,8644,null,null
28019,68800,6263,null,null
28021,53800,8548,null,null
28023,61600,4980,null,null
28025,78200,5678,null,null
28027,56000,4760,null,null
28029,75500,5022,null,null
28031,78900,5201,null,null
28033,153600,2810,null,null
28035,112200,4603,null,null
28037,69700,8434,null,null
28039,96100,7572,null,null
28041,75300,9093,null,null
28043,84900,5072,null,null
28045,149700,7153,null,null
28047,146600,3350,null,null
28049,108200,2972,null,null
28051,49700,3968,null,null
28053,65100,9538,null,null
28055,54400,13111,null,null
28057,80500,4419,null,null
28059,129100,4457,null,null
28061,68500,7667,null,null
28063,64300,4769,null,null
28065,69500,7676,null,null
28067,85000,3858,null,null
28069,63300,4428,null,null
28071,158000,9377,null,null
28073,158100,5792,null,null
28075,85200,2999,null,null
28077,75000,5456,null,null
28079,74400,6480,null,null
28081,109000,3503,null,null
28083,66100,3242,null,null
28085,80600,5400,null,null
28087,110400,5203,null,null
28089,190600,6021,null,null
28091,82800,4664,null,null
28093,83700,4621,null,null
28095,79000,2909,null,null
28097,68800,3741,null,null
28099,69900,5654,null,null
28101,68400,4690,null,null
28103,53000,6289,null,null
28105,108100,8980,null,null
28107,78400,4864,null,null
28109,119100,5862,null,null
28111,82200,5858,null,null
28113,82200,3795,null,null
28115,80600,5551,null,null
28117,73800,3748,null,null
28119,47700,4632,null,null
28121,144400,3048,null,null
28123,62700,4005,null,null
28125,61900,8814,null,null
28127,78600,4302,null,null
28129,74500,4950,null,null
28131,106900,15198,null,null
28133,65500,2390,null,null
28135,57700,6404,null,null
28137,107000,8940,null,null
28139,74300,4636,null,null
28141,75000,2662,null,null
28143,57900,16920,null,null
28145,85000,6167,null,null
28147,81900,8102,null,null
28149,98500,3806,null,null
28151,73600,2471,null,null
28153,64400,7256,null,null
28155,72100,9181,null,null
28157,58900,6460,null,null
28159,75100,4032,null,null
28161,60700,7236,null,null
28163,67000,4980,null,null
29001,100800,7509,null,null
29003,127300,10647,null,null
29005,71200,6986,null,null
29007,83900,3426,null,null
29009,102700,5910,null,null
29011,83400,5583,null,null
29013,103100,8121,null,null
29015,103800,6581,null,null
29017,96100,6796,null,null
29019,156600,2696,null,null
29021,106800,3157,null,null
29023,86200,4245,null,null
29025,100300,10605,null,null
29027,127700,6512,null,null
29029,187100,9527,null,null
29031,137100,4331,null,null
29033,77700,4575,null,null
29035,88800,15758,null,null
29037,154700,2453,null,null
29039,93100,7728,null,null
29041,75600,3868,null,null
29043,146600,2882,null,null
29045,68900,4831,null,null
29047,156100,1633,null,null
29049,150700,7751,null,null
29051,139300,2971,null,null
29053,116600,7434,null,null
29055,106900,5627,null,null
29057,72200,3607,null,null
29059,99100,10744,null,null
29061,109500,7981,null,null
29063,118900,11289,null,null
29065,82500,2969,null,null
29067,102900,7605,null,null
29069,68500,3130,null,null
29071,150300,3169,null,null
29073,112000,7823,null,null
29075,78800,7490,null,null
29077,128100,1818,null,null
29079,75400,6349,null,null
29081,73100,7352,null,null
29083,105100,4847,null,null
29085,92200,7862,null,null
29087,77700,5926,null,null
29089,97300,7903,null,null
29091,98600,4660,null,null
29093,77200,4917,null,null
29095,130300,1233,null,null
29097,96900,2003,null,null
29099,154100,1744,null,null
29101,135700,4746,null,null
29103,53900,9206,null,null
29105,94400,4811,null,null
29107,120800,6586,null,null
29109,96300,5085,null,null
29111,80100,3562,null,null
29113,156100,4753,null,null
29115,68600,4858,null,null
29117,93600,4860,null,null
29119,88100,4425,null,null
29121,84100,3963,null,null
29123,85600,6089,null,null
29125,116200,8816,null,null
29127,99000,6144,null,null
29129,69600,10422,null,null
29131,109300,6300,null,null
29133,65200,6908,null,null
29135,114500,5952,null,null
29137,83700,5703,null,null
29139,107600,6076,null,null
29141,116700,7739,null,null
29143,70700,4279,null,null
29145,106500,3516,null,null
29147,98300,6353,null,null
29149,70700,6976,null,null
29151,117300,5195,null,null
29153,101700,9508,null,null
29155,65100,4573,null,null
29157,120200,7886,null,null
29159,97700,3919,null,null
29161,112700,5712,null,null
29163,93300,6282,null,null
29165,188400,4179,null,null
29167,113500,6080,null,null
29169,122600,6678,null,null
29171,94900,12217,null,null
29173,106300,7300,null,null
29175,81300,4102,null,null
29177,124000,6023,null,null
29179,81300,7693,null,null
29181,68100,4694,null,null
29183,196100,1472,null,null
29185,83500,5248,null,null
29186,125800,8778,null,null
29187,101100,4661,null,null
29189,178800,1460,null,null
29195,82800,3305,null,null
29197,61100,5646,null,null
29199,73500,8547,null,null
29201,95600,3855,null,null
29203,76700,7860,null,null
29205,71700,5871,null,null
29207,83400,5135,null,null
29209,141300,11784,null,null
29211,71800,7947,null,null
29213,136100,5636,null,null
29215,93800,5723,null,null
29217,83200,4064,null,null
29219,159700,5062,null,null
29221,81500,4832,null,null
29223,74000,7347,null,null
29225,118600,5764,null,null
29227,57500,12047,null,null
29229,90800,6194,null,null
29510,123300,2173,null,null
30001,182200,17026,null,null
30003,88800,5220,null,null
30005,69900,6487,null,null
30007,160600,14422,null,null
30009,202100,16458,null,null
30011,69400,17908,null,null
30013,151200,2478,null,null
30015,109200,5043,null,null
30017,97700,7686,null,null
30019,78600,10541,null,null
30021,110900,6006,null,null
30023,105700,9557,null,null
30025,89200,7588,null,null
30027,115000,14084,null,null
30029,235200,5579,null,null
30031,276000,6204,null,null
30033,69100,9780,null,null
30035,74900,10387,null,null
30037,97600,8955,null,null
30039,170800,14129,null,null
30041,109700,5745,null,null
30043,234700,10360,null,null
30045,102900,16548,null,null
30047,200600,10905,null,null
30049,196700,4536,null,null
30051,85700,14875,null,null
30053,162900,9864,null,null
30055,84300,5090,null,null
30057,250300,19760,null,null
30059,111500,14293,null,null
30061,169100,20893,null,null
30063,239000,4105,null,null
30065,122200,18837,null,null
30067,208000,9439,null,null
30069,103000,23894,null,null
30071,77900,5728,null,null
30073,85500,8898,null,null
30075,106800,6445,null,null
30077,119500,9221,null,null
30079,64000,6234,null,null
30081,241000,8182,null,null
30083,112100,8952,null,null
30085,60600,4396,null,null
30087,104900,9902,null,null
30089,174600,15986,null,null
30091,81500,10575,null,null
30093,120700,5799,null,null
30095,175800,8461,null,null
30097,182400,30066,null,null
30099,138500,15016,null,null
30101,99200,13497,null,null
30103,76400,20339,null,null
30105,87900,5048,null,null
30107,75000,9128,null,null
30109,71900,8310,null,null
30111,173500,2189,null,null
31001,96900,3162,null,null
31003,69000,4960,null,null
31005,78300,52320,null,null
31007,79200,24779,null,null
31009,48300,7840,null,null
31011,73500,8433,null,null
31013,92100,3794,null,null
31015,53700,4610,null,null
31017,57100,7825,null,null
31019,132600,4467,null,null
31021,84000,3340,null,null
31023,91600,5867,null,null
31025,146900,5236,null,null
31027,86100,3873,null,null
31029,83000,3693,null,null
31031,92900,6088,null,null
31033,96900,5014,null,null
31035,77200,3976,null,null
31037,81800,4775,null,null
31039,88300,6026,null,null
31041,74600,5367,null,null
31043,99700,4571,null,null
31045,90900,6593,null,null
31047,85400,2740,null,null
31049,65500,6272,null,null
31051,76500,3622,null,null
31053,110100,3194,null,null
31055,142400,749,null,null
31057,71700,8923,null,null
31059,74700,4129,null,null
31061,54800,4622,null,null
31063,75100,4795,null,null
31065,54800,7111,null,null
31067,99700,4058,null,null
31069,63800,9322,null,null
31071,79600,14462,null,null
31073,103600,7882,null,null
31075,44700,5413,null,null
31077,55500,4819,null,null
31079,110900,2416,null,null
31081,109100,5094,null,null
31083,67500,4287,null,null
31085,70300,18468,null,null
31087,50200,6100,null,null
31089,86800,5378,null,null
31091,64500,4615,null,null
31093,93500,4613,null,null
31095,71000,4949,null,null
31097,78300,5313,null,null
31099,99100,7378,null,null
31101,91200,5883,null,null
31103,68000,17491,null,null
31105,76800,5497,null,null
31107,68400,4798,null,null
31109,146200,1251,null,null
31111,111900,3500,null,null
31113,76000,12973,null,null
31115,70400,28216,null,null
31117,77500,12920,null,null
31119,103300,4762,null,null
31121,79800,3964,null,null
31123,77300,6838,null,null
31125,65100,8589,null,null
31127,80800,5976,null,null
31129,50500,4232,null,null
31131,116700,4113,null,null
31133,57200,6393,null,null
31135,84800,6539,null,null
31137,93300,4655,null,null
31139,92200,6706,null,null
31141,109900,4549,null,null
31143,89500,5523,null,null
31145,78800,4851,null,null
31147,62800,5387,null,null
31149,61000,7773,null,null
31151,96200,5994,null,null
31153,160800,1903,null,null
31155,139700,4169,null,null
31157,95700,3513,null,null
31159,139000,7036,null,null
31161,60900,6035,null,null
31163,61900,6528,null,null
31165,107400,23827,null,null
31167,88100,3514,null,null
31169,58800,3240,null,null
31171,66000,18913,null,null
31173,64500,11008,null,null
31175,71700,7823,null,null
31177,172900,7546,null,null
31179,95700,6474,null,null
31181,63500,7704,null,null
31183,75900,16808,null,null
31185,92200,6160,null,null
32001,175300,7387,null,null
32003,226200,1732,null,null
32005,346600,10692,null,null
32007,180700,6125,null,null
32009,86400,50806,null,null
32011,103400,23966,null,null
32013,144000,10405,null,null
32015,108900,21105,null,null
32017,156300,25315,null,null
32019,166700,8968,null,null
32021,101000,12681,null,null
32023,142800,9400,null,null
32027,153100,11621,null,null
32029,215200,31224,null,null
32031,257400,4957,null,null
32033,116800,10090,null,null
32510,244600,8132,null,null
33001,228100,4498,null,null
33003,239200,7817,null,null
33005,202600,5321,null,null
33007,133200,6026,null,null
33009,209900,6090,null,null
33011,265100,2028,null,null
33013,241900,2917,null,null
33015,296500,2902,null,null
33017,227100,3174,null,null
33019,182700,5582,null,null
34001,256600,3684,null,null
34003,474200,2172,null,null
34005,266200,2414,null,null
34007,224800,1393,null,null
34009,332400,6679,null,null
34011,177800,3279,null,null
34013,389800,3371,null,null
34015,236100,1948,null,null
34017,374000,4215,null,null
34019,437100,5613,null,null
34021,302100,4149,null,null
34023,349000,1471,null,null
34025,413500,3820,null,null
34027,463200,3117,null,null
34029,284100,1960,null,null
34031,372700,2411,null,null
34033,198800,4412,null,null
34035,420500,4286,null,null
34037,312500,4103,null,null
34039,386000,2570,null,null
34041,294000,5778,null,null
35001,191400,1517,null,null
35003,154600,32316,null,null
35005,90000,4602,null,null
35006,81300,4740,null,null
35007,108200,8936,null,null
35009,104400,6325,null,null
35011,74700,14125,null,null
35013,141900,4086,null,null
35015,96200,6969,null,null
35017,133000,8293,null,null
35019,78300,8781,null,null
35021,59800,10753,null,null
35023,90500,7633,null,null
35025,93900,3658,null,null
35027,168900,15815,null,null
35028,300700,13389,null,null
35029,91300,7496,null,null
35031,72200,10453,null,null
35033,105700,12646,null,null
35035,105900,4809,null,null
35037,68800,6871,null,null
35039,134300,12112,null,null
35041,104300,8318,null,null
35043,187800,3743,null,null
35045,154200,4323,null,null
35047,118000,7128,null,null
35049,293900,7116,null,null
35051,105100,17305,null,null
35053,115900,13393,null,null
35055,214000,17329,null,null
35057,96300,8203,null,null
35059,96900,15225,null,null
35061,132700,4459,null,null
36001,207300,2532,null,null
36003,66800,1554,null,null
36005,391300,5010,null,null
36007,103100,1906,null,null
36009,78400,1197,null,null
36011,100200,2660,null,null
36013,80900,1534,null,null
36015,89400,2237,null,null
36017,89700,2955,null,null
36019,119600,3000,null,null
36021,224100,5369,null,null
36023,98400,1942,null,null
36025,133000,5782,null,null
36027,314500,3418,null,null
36029,120600,818,null,null
36031,153200,6654,null,null
36033,91400,2808,null,null
36035,98700,4444,null,null
36037,103400,2905,null,null
36039,181300,7243,null,null
36041,166300,6476,null,null
36043,89400,1552,null,null
36045,124000,3332,null,null
36047,570800,3563,null,null
36049,103900,4388,null,null
36051,114300,2929,null,null
36053,114900,2572,null,null
36055,132800,1114,null,null
36057,99500,2330,null,null
36059,478600,1550,null,null
36061,842300,12942,null,null
36063,100200,1592,null,null
36065,106200,1705,null,null
36067,128600,1434,null,null
36069,133600,3519,null,null
36071,299500,3328,null,null
36073,87700,2271,null,null
36075,90600,1618,null,null
36077,131100,4509,null,null
36079,406000,9711,null,null
36081,474000,2663,null,null
36083,177300,3410,null,null
36085,456100,3356,null,null
36087,465100,3784,null,null
36089,80900,1932,null,null
36091,224800,2576,null,null
36093,165000,2295,null,null
36095,147600,5992,null,null
36097,89400,3935,null,null
36099,90600,3412,null,null
36101,84200,1234,null,null
36103,411000,1766,null,null
36105,186000,6559,null,null
36107,105600,3660,null,null
36109,165900,3553,null,null
36111,242500,3536,null,null
36113,190800,5078,null,null
36115,143000,5141,null,null
36117,108400,2122,null,null
36119,547000,4957,null,null
36121,98700,2160,null,null
36123,117000,3721,null,null
37001,136000,2522,null,null
37003,121400,6077,null,null
37005,143100,8624,null,null
37007,81600,4344,null,null
37009,154100,6900,null,null
37011,160700,9825,null,null
37013,113600,7969,null,null
37015,79200,3476,null,null
37017,78100,3587,null,null
37019,189500,5956,null,null
37021,192200,3550,null,null
37023,110500,3669,null,null
37025,168200,2825,null,null
37027,106800,3794,null,null
37029,225700,11230,null,null
37031,208200,7580,null,null
37033,100900,6013,null,null
37035,129000,2791,null,null
37037,204100,12677,null,null
37039,155500,8068,null,null
37041,132400,17503,null,null
37043,162100,11247,null,null
37045,104300,3683,null,null
37047,86100,3907,null,null
37049,154700,4555,null,null
37051,123400,1996,null,null
37053,236500,10287,null,null
37055,321200,14669,null,null
37057,130200,3177,null,null
37059,162000,6000,null,null
37061,86300,3456,null,null
37063,178400,2721,null,null
37065,81800,2422,null,null
37067,150800,1701,null,null
37069,124700,4904,null,null
37071,124300,2816,null,null
37073,139500,13328,null,null
37075,124400,18506,null,null
37077,131100,7283,null,null
37079,88600,4194,null,null
37081,156200,1844,null,null
37083,86300,2759,null,null
37085,128500,4230,null,null
37087,156800,5918,null,null
37089,190700,6738,null,null
37091,83400,3305,null,null
37093,126700,7703,null,null
37095,93600,11313,null,null
37097,168300,3471,null,null
37099,165800,5842,null,null
37101,138800,2929,null,null
37103,93800,6517,null,null
37105,135500,5622,null,null
37107,93000,3727,null,null
37109,151900,5211,null,null
37111,100700,5203,null,null
37113,167000,5190,null,null
37115,163100,14613,null,null
37117,82400,4597,null,null
37119,187300,1902,null,null
37121,111100,8125,null,null
37123,87800,3768,null,null
37125,192500,5292,null,null
37127,119100,3978,null,null
37129,227500,3536,null,null
37131,79000,3708,null,null
37133,144300,2239,null,null
37135,270300,7471,null,null
37137,146600,18948,null,null
37139,174000,7832,null,null
37141,152000,7811,null,null
37143,161100,13965,null,null
37145,118900,5887,null,null
37147,131400,3527,null,null
37149,168800,10133,null,null
37151,122400,2738,null,null
37153,74000,3436,null,null
37155,68900,2230,null,null
37157,102800,3718,null,null
37159,127200,3167,null,null
37161,104400,5078,null,null
37163,88700,2450,null,null
37165,75600,3394,null,null
37167,127800,4797,null,null
37169,120900,4077,null,null
37171,105000,4058,null,null
37173,119700,15293,null,null
37175,166300,6815,null,null
37177,109600,10000,null,null
37179,196400,4061,null,null
37181,100500,6626,null,null
37183,227600,1749,null,null
37185,102600,9818,null,null
37187,94800,5068,null,null
37189,234300,12437,null,null
37191,107200,3330,null,null
37193,112200,4583,null,null
37195,114600,3426,null,null
37197,113000,4662,null,null
37199,135300,11601,null,null
38001,86300,4244,null,null
38003,84000,4730,null,null
38005,52800,3963,null,null
38007,77100,8470,null,null
38009,70000,5114,null,null
38011,89600,9952,null,null
38013,54000,6441,null,null
38015,159000,2013,null,null
38017,150700,2384,null,null
38019,70800,8267,null,null
38021,65200,6670,null,null
38023,59500,7374,null,null
38025,81000,8865,null,null
38027,50700,4582,null,null
38029,64400,4193,null,null
38031,77100,7141,null,null
38033,59600,6497,null,null
38035,143700,3013,null,null
38037,61700,6748,null,null
38039,65700,6821,null,null
38041,61600,6752,null,null
38043,61000,4459,null,null
38045,70500,5720,null,null
38047,55300,3354,null,null
38049,68800,5940,null,null
38051,49700,4960,null,null
38053,88400,6036,null,null
38055,98900,5689,null,null
38057,109300,5527,null,null
38059,120400,6042,null,null
38061,75400,7133,null,null
38063,51100,5156,null,null
38065,91100,9019,null,null
38067,73000,3246,null,null
38069,81700,8130,null,null
38071,85400,5059,null,null
38073,88800,8319,null,null
38075,66200,5384,null,null
38077,99000,5090,null,null
38079,61200,6319,null,null
38081,72400,5443,null,null
38083,53800,11699,null,null
38085,72900,15304,null,null
38087,54800,8253,null,null
38089,130000,6343,null,null
38091,65500,4431,null,null
38093,92800,4857,null,null
38095,53000,4382,null,null
38097,90100,4533,null,null
38099,66000,2813,null,null
38101,124300,3737,null,null
38103,55600,4351,null,null
38105,110000,6387,null,null
39001,95800,5923,null,null
39003,105400,3030,null,null
39005,126500,4096,null,null
39007,116600,2683,null,null
39009,117400,4661,null,null
39011,124700,3502,null,null
39013,86500,1901,null,null
39015,124200,4764,null,null
39017,160400,1738,null,null
39019,112000,4825,null,null
39021,123000,3918,null,null
39023,110400,2049,null,null
39025,160500,2291,null,null
39027,123800,4116,null,null
39029,97700,2622,null,null
39031,96400,3882,null,null
39033,92600,2396,null,null
39035,134900,684,null,null
39037,113100,2709,null,null
39039,110500,3302,null,null
39041,253400,3893,null,null
39043,138000,3260,null,null
39045,168000,2282,null,null
39047,110000,3408,null,null
39049,155200,901,null,null
39051,131500,3032,null,null
39053,96900,8128,null,null
39055,228400,4900,null,null
39057,159700,2139,null,null
39059,92300,3750,null,null
39061,147800,921,null,null
39063,130300,4480,null,null
39065,101000,4873,null,null
39067,84200,2273,null,null
39069,119200,3347,null,null
39071,104300,3784,null,null
39073,115600,4831,null,null
39075,153400,8040,null,null
39077,121400,2874,null,null
39079,91100,4731,null,null
39081,85700,2648,null,null
39083,134600,4063,null,null
39085,156000,1430,null,null
39087,93800,2667,null,null
39089,152600,1753,null,null
39091,123200,4538,null,null
39093,146400,1451,null,null
39095,119200,1378,null,null
39097,149100,6099,null,null
39099,97800,1505,null,null
39101,99200,2638,null,null
39103,184200,2264,null,null
39105,82400,3328,null,null
39107,124600,3897,null,null
39109,137900,2370,null,null
39111,88900,5076,null,null
39113,118600,1175,null,null
39115,87600,5373,null,null
39117,131200,6665,null,null
39119,111800,2534,null,null
39121,80300,11113,null,null
39123,141900,3859,null,null
39125,91800,3771,null,null
39127,97500,4589,null,null
39129,148500,4230,null,null
39131,95900,6049,null,null
39133,156500,2417,null,null
39135,117500,3009,null,null
39137,132900,4544,null,null
39139,110900,2472,null,null
39141,114800,2797,null,null
39143,113100,2534,null,null
39145,87500,2983,null,null
39147,102000,2905,null,null
39149,124300,3513,null,null
39151,126700,1255,null,null
39153,140700,1248,null,null
39155,100500,2015,null,null
39157,110000,2408,null,null
39159,175900,5376,null,null
39161,88800,2546,null,null
39163,84800,7863,null,null
39165,193200,2465,null,null
39167,109300,3253,null,null
39169,138200,2364,null,null
39171,101800,3703,null,null
39173,154200,2193,null,null
39175,107500,4463,null,null
40001,77100,4727,null,null
40003,54200,11810,null,null
40005,69100,3092,null,null
40007,75700,10668,null,null
40009,89200,6311,null,null
40011,67600,4618,null,null
40013,87100,3612,null,null
40015,69500,3411,null,null
40017,135100,2049,null,null
40019,87700,5227,null,null
40021,97100,5746,null,null
40023,69500,3797,null,null
40025,59100,5815,null,null
40027,136400,1545,null,null
40029,65600,4839,null,null
40031,106300,3047,null,null
40033,74000,6846,null,null
40035,86200,4524,null,null
40037,106200,3588,null,null
40039,94900,9379,null,null
40041,96800,7470,null,null
40043,75100,4327,null,null
40045,71600,4032,null,null
40047,85500,3133,null,null
40049,79700,3381,null,null
40051,107400,4891,null,null
40053,59100,4978,null,null
40055,59700,10219,null,null
40057,44800,9381,null,null
40059,66500,4157,null,null
40061,75500,4170,null,null
40063,64200,3832,null,null
40065,87600,3775,null,null
40067,58700,4418,null,null
40069,69300,7343,null,null
40071,76900,2622,null,null
40073,111400,6549,null,null
40075,51200,5960,null,null
40077,67600,5726,null,null
40079,74900,2540,null,null
40081,91400,6490,null,null
40083,121700,6742,null,null
40085,79600,6045,null,null
40087,125800,9635,null,null
40089,72000,2924,null,null
40091,75500,5047,null,null
40093,78900,4368,null,null
40095,79400,6220,null,null
40097,90400,4198,null,null
40099,78500,4257,null,null
40101,88000,2751,null,null
40103,77500,5122,null,null
40105,72500,5374,null,null
40107,70600,4866,null,null
40109,121900,1152,null,null
40111,78800,3778,null,null
40113,92400,3591,null,null
40115,80200,2382,null,null
40117,81900,5357,null,null
40119,123100,4960,null,null
40121,84800,3216,null,null
40123,97800,5037,null,null
40125,92500,3170,null,null
40127,73200,5503,null,null
40129,79700,6327,null,null
40131,141300,2939,null,null
40133,69500,3937,null,null
40135,82300,4243,null,null
40137,84300,2794,null,null
40139,87400,5123,null,null
40141,52300,7866,null,null
40143,129900,1276,null,null
40145,137100,2695,null,null
40147,105600,3332,null,null
40149,73900,4202,null,null
40151,77600,5986,null,null
40153,97600,6714,null,null
41001,157600,9987,null,null
41003,268200,5593,null,null
41005,326300,3753,null,null
41007,261600,8767,null,null
41009,221200,6085,null,null
41011,194500,8510,null,null
41013,220400,10872,null,null
41015,254800,14798,null,null
41017,290400,7219,null,null
41019,186400,5102,null,null
41021,104700,13665,null,null
41023,128000,9715,null,null
41025,137700,23416,null,null
41027,326900,21569,null,null
41029,262500,5261,null,null
41031,182100,12107,null,null
41033,242600,6017,null,null
41035,172800,5203,null,null
41037,151500,15778,null,null
41039,230900,2003,null,null
41041,253100,10435,null,null
41043,181600,4742,null,null
41045,143600,8507,null,null
41047,206700,2660,null,null
41049,120100,9083,null,null
41051,281900,2139,null,null
41053,231900,5451,null,null
41055,128800,13647,null,null
41057,242400,9710,null,null
41059,143700,5694,null,null
41061,154100,6643,null,null
41063,186200,11582,null,null
41065,189300,7196,null,null
41067,300200,2728,null,null
41069,116500,15605,null,null
41071,237700,4968,null,null
42001,202800,3933,null,null
42003,118700,831,null,null
42005,91600,2328,null,null
42007,113600,1557,null,null
42009,114700,2905,null,null
42011,174000,1699,null,null
42013,101500,2931,null,null
42015,108600,2588,null,null
42017,319600,2158,null,null
42019,162900,1929,null,null
42021,87600,1614,null,null
42023,73700,3187,null,null
42025,146000,5726,null,null
42027,181400,3960,null,null
42029,333400,2918,null,null
42031,99600,3157,null,null
42033,84400,2086,null,null
42035,101000,3363,null,null
42037,129000,3801,null,null
42039,100400,2354,null,null
42041,179400,2137,null,null
42043,157400,1554,null,null
42045,234700,2314,null,null
42047,94000,3379,null,null
42049,113300,1470,null,null
42051,83600,1367,null,null
42053,81300,3840,null,null
42055,177800,2940,null,null
42057,161300,4697,null,null
42059,84500,3743,null,null
42061,111700,3995,null,null
42063,103700,2742,null,null
42065,83200,1882,null,null
42067,132800,4015,null,null
42069,142200,2286,null,null
42071,187300,1386,null,null
42073,94400,2372,null,null
42075,160800,2240,null,null
42077,206100,2751,null,null
42079,116700,1780,null,null
42081,125400,2775,null,null
42083,73500,1999,null,null
42085,101200,2293,null,null
42087,93400,2325,null,null
42089,205400,4792,null,null
42091,297900,1747,null,null
42093,147600,6519,null,null
42095,221800,2219,null,null
42097,96000,2384,null,null
42099,150100,3258,null,null
42101,140700,1550,null,null
42103,216200,6374,null,null
42105,91100,3391,null,null
42107,91200,1911,null,null
42109,128300,4189,null,null
42111,94200,2860,null,null
42113,123700,9288,null,null
42115,131700,4043,null,null
42117,111100,4268,null,null
42119,148500,4751,null,null
42121,78500,2118,null,null
42123,85400,1723,null,null
42125,136400,2985,null,null
42127,180000,6335,null,null
42129,130800,1675,null,null
42131,147100,4515,null,null
42133,178400,1752,null,null
44001,357500,6689,null,null
44003,240400,1912,null,null
44005,380700,7105,null,null
44007,247700,1649,null,null
44009,340500,5221,null,null
45001,89100,5030,null,null
45003,122300,3280,null,null
45005,72400,7665,null,null
45007,120500,2754,null,null
45009,77400,5698,null,null
45011,71900,4283,null,null
45013,288800,7764,null,null
45015,150600,2984,null,null
45017,102000,9668,null,null
45019,242000,3523,null,null
45021,82300,3305,null,null
45023,84300,5420,null,null
45025,77200,3114,null,null
45027,91200,9174,null,null
45029,92600,5101,null,null
45031,85900,3245,null,null
45033,62000,4311,null,null
45035,172300,3620,null,null
45037,104400,10361,null,null
45039,93800,9334,null,null
45041,110200,3003,null,null
45043,170500,8046,null,null
45045,150100,1741,null,null
45047,104400,4981,null,null
45049,81500,7154,null,null
45051,170600,2414,null,null
45053,104700,10864,null,null
45055,112000,4065,null,null
45057,133200,6256,null,null
45059,85600,2097,null,null
45061,63900,6908,null,null
45063,138000,2159,null,null
45065,108100,12902,null,null
45067,83000,3954,null,null
45069,58800,4432,null,null
45071,104200,6086,null,null
45073,134600,6130,null,null
45075,81300,3726,null,null
45077,126400,3859,null,null
45079,150600,2046,null,null
45081,101700,10294,null,null
45083,118800,2069,null,null
45085,100900,3247,null,null
45087,73100,3550,null,null
45089,64700,4485,null,null
45091,161200,2509,null,null
46003,65500,8055,null,null
46005,84000,6549,null,null
46007,47600,24155,null,null
46009,70300,4663,null,null
46011,138500,6085,null,null
46013,123100,5811,null,null
46015,92100,8939,null,null
46017,67000,13979,null,null
46019,117600,12900,null,null
46021,41300,6069,null,null
46023,69700,4912,null,null
46025,62800,9311,null,null
46027,126000,12586,null,null
46029,130100,5592,null,null
46031,45200,7864,null,null
46033,164300,8305,null,null
46035,115500,8274,null,null
46037,66500,6687,null,null
46039,87100,6284,null,null
46041,58400,5520,null,null
46043,64800,9395,null,null
46045,78000,8031,null,null
46047,91000,18329,null,null
46049,55200,7945,null,null
46051,105600,7553,null,null
46053,57300,5919,null,null
46055,80000,9045,null,null
46057,95200,7864,null,null
46059,82200,8456,null,null
46061,88400,5547,null,null
46063,66200,6625,null,null
46065,145400,8010,null,null
46067,73300,4416,null,null
46069,62100,9081,null,null
46071,55700,12472,null,null
46073,65100,14674,null,null
46075,77500,14306,null,null
46077,73600,4464,null,null
46079,114900,11256,null,null
46081,163700,6400,null,null
46083,177100,5934,null,null
46085,65900,5370,null,null
46087,92500,6707,null,null
46089,48600,7156,null,null
46091,88000,9484,null,null
46093,153400,5604,null,null
46095,53600,9967,null,null
46097,58300,3363,null,null
46099,147600,2089,null,null
46101,109600,10004,null,null
46103,153700,2720,null,null
46105,55000,4135,null,null
46107,57500,5485,null,null
46109,81900,4975,null,null
46111,69000,7846,null,null
46113,16800,7662,null,null
46115,62900,3951,null,null
46117,115400,13026,null,null
46119,72500,16134,null,null
46121,47900,9371,null,null
46123,66800,7067,null,null
46125,86000,4514,null,null
46127,139000,11067,null,null
46129,71100,7218,null,null
46135,123000,5504,null,null
46137,76400,11799,null,null
47001,121300,3655,null,null
47003,114200,5260,null,null
47005,73800,5278,null,null
47007,109500,11557,null,null
47009,162300,2878,null,null
47011,137000,3983,null,null
47013,87900,2905,null,null
47015,114700,6084,null,null
47017,79100,4561,null,null
47019,96900,2651,null,null
47021,157200,5258,null,null
47023,109400,8124,null,null
47025,92700,4012,null,null
47027,93500,6348,null,null
47029,98000,6174,null,null
47031,118600,4180,null,null
47033,86200,3955,null,null
47035,142600,5138,null,null
47037,166300,1261,null,null
47039,68800,9613,null,null
47041,101300,6867,null,null
47043,132000,4895,null,null
47045,93700,3090,null,null
47047,176600,10638,null,null
47049,95300,10576,null,null
47051,113700,4677,null,null
47053,86900,2758,null,null
47055,98500,4734,null,null
47057,91200,5487,null,null
47059,108000,3855,null,null
47061,79800,4987,null,null
47063,120200,3214,null,null
47065,151000,1981,null,null
47067,76500,7951,null,null
47069,86900,4015,null,null
47071,89700,6229,null,null
47073,108000,4209,null,null
47075,90300,5425,null,null
47077,95600,6219,null,null
47079,87700,3633,null,null
47081,102900,6251,null,null
47083,88200,3820,null,null
47085,107400,6187,null,null
47087,96900,13586,null,null
47089,122400,5907,null,null
47091,97700,9519,null,null
47093,154900,1724,null,null
47095,65200,6090,null,null
47097,78100,3989,null,null
47099,95300,3892,null,null
47101,93200,10101,null,null
47103,112300,5628,null,null
47105,173300,7522,null,null
47107,110100,5058,null,null
47109,85100,3447,null,null
47111,92300,6438,null,null
47113,112400,2891,null,null
47115,114300,4740,null,null
47117,106000,6082,null,null
47119,138200,3141,null,null
47121,102100,10408,null,null
47123,108700,7253,null,null
47125,135300,2458,null,null
47127,134500,11836,null,null
47129,84600,4489,null,null
47131,88600,3118,null,null
47133,88800,4186,null,null
47135,79900,14834,null,null
47137,93000,18214,null,null
47139,101600,10187,null,null
47141,131600,4398,null,null
47143,103800,7323,null,null
47145,121300,5417,null,null
47147,153900,3739,null,null
47149,159600,1878,null,null
47151,78500,5179,null,null
47153,115400,9104,null,null
47155,158700,3381,null,null
47157,136200,1563,null,null
47159,117100,4311,null,null
47161,108500,9286,null,null
47163,115700,2451,null,null
47165,171800,2970,null,null
47167,137400,3917,null,null
47169,112500,17032,null,null
47171,115200,10758,null,null
47173,92200,3411,null,null
47175,75800,3840,null,null
47177,90500,3954,null,null
47179,142900,4187,null,null
47181,70300,5862,null,null
47183,84400,3763,null,null
47185,100400,7226,null,null
47187,336900,4221,null,null
47189,190900,3626,null,null
48001,82900,3451,null,null
48003,87500,10587,null,null
48005,82900,2554,null,null
48007,125100,13164,null,null
48009,101200,10586,null,null
48011,96700,10696,null,null
48013,81600,3742,null,null
48015,152600,7711,null,null
48017,70700,15164,null,null
48019,139200,13667,null,null
48021,119800,5235,null,null
48023,62800,9934,null,null
48025,67700,5188,null,null
48027,117500,2214,null,null
48029,121200,968,null,null
48031,165500,7600,null,null
48033,78300,19229,null,null
48035,87200,7540,null,null
48037,91600,3197,null,null
48039,143900,2741,null,null
48041,145900,3710,null,null
48043,106700,9448,null,null
48045,43300,7585,null,null
48047,45200,7102,null,null
48049,83300,4185,null,null
48051,88000,9527,null,null
48053,141500,9957,null,null
48055,103400,5703,null,null
48057,90800,6981,null,null
48059,75900,7065,null,null
48061,76000,1194,null,null
48063,101100,10026,null,null
48065,87000,5534,null,null
48067,71600,3789,null,null
48069,68400,8096,null,null
48071,148200,7927,null,null
48073,71000,4060,null,null
48075,56000,7548,null,null
48077,79900,4921,null,null
48079,37100,4795,null,null
48081,63800,12969,null,null
48083,63400,6051,null,null
48085,202000,1879,null,null
48087,57200,6762,null,null
48089,98200,11091,null,null
48091,196300,6918,null,null
48093,84000,7021,null,null
48095,66900,6574,null,null
48097,111300,7362,null,null
48099,96600,2718,null,null
48101,40900,4833,null,null
48103,56600,9430,null,null
48105,53900,11245,null,null
48107,51700,4918,null,null
48109,43700,6446,null,null
48111,69800,6542,null,null
48113,129300,943,null,null
48115,48100,4036,null,null
48117,78100,6124,null,null
48119,61400,7068,null,null
48121,180400,1672,null,null
48123,73100,5413,null,null
48125,46900,12950,null,null
48127,47700,6714,null,null
48129,58600,9485,null,null
48131,54900,8593,null,null
48133,66900,5319,null,null
48135,83100,2672,null,null
48137,62800,7468,null,null
48139,136600,2737,null,null
48141,108000,1076,null,null
48143,116300,7322,null,null
48145,61200,4856,null,null
48147,84800,3977,null,null
48149,133400,13505,null,null
48151,54500,4183,null,null
48153,61800,6063,null,null
48155,35300,8188,null,null
48157,175100,1851,null,null
48159,103100,24226,null,null
48161,85000,8048,null,null
48163,50200,8445,null,null
48165,78100,9080,null,null
48167,144700,2200,null,null
48169,58600,14419,null,null
48171,195700,11493,null,null
48173,103700,16627,null,null
48175,102000,8117,null,null
48177,74300,6433,null,null
48179,71400,5289,null,null
48181,102300,2988,null,null
48183,114600,3159,null,null
48185,86000,4183,null,null
48187,150700,2843,null,null
48189,73500,3122,null,null
48191,37800,7013,null,null
48193,82600,9646,null,null
48195,69400,8731,null,null
48197,46800,6307,null,null
48199,99200,4441,null,null
48201,132300,585,null,null
48203,104600,6722,null,null
48205,138200,14741,null,null
48207,40700,5956,null,null
48209,174800,3102,null,null
48211,104900,22180,null,null
48213,87000,3397,null,null
48215,75500,1447,null,null
48217,85400,2963,null,null
48219,77000,4146,null,null
48221,150400,6555,null,null
48223,93700,3887,null,null
48225,67900,4822,null,null
48227,61800,4443,null,null
48229,42200,4858,null,null
48231,92900,3875,null,null
48233,64600,4974,null,null
48235,71800,11038,null,null
48237,69700,6604,null,null
48239,85900,4534,null,null
48241,78600,6070,null,null
48243,99000,7720,null,null
48245,93100,1513,null,null
48247,49800,14424,null,null
48249,68300,2995,null,null
48251,113500,3039,null,null
48253,57100,4061,null,null
48255,70100,7587,null,null
48257,129300,3357,null,null
48259,264500,17826,null,null
48261,54400,98859,null,null
48263,57700,9561,null,null
48265,136700,7959,null,null
48267,85300,5315,null,null
48269,275000,391352,null,null
48271,49100,14701,null,null
48273,72000,5654,null,null
48275,40000,3857,null,null
48277,84300,4014,null,null
48279,54000,5372,null,null
48281,124100,9369,null,null
48283,42500,13010,null,null
48285,85000,4519,null,null
48287,111800,8666,null,null
48289,83000,6618,null,null
48291,83500,2930,null,null
48293,81600,3783,null,null
48295,77100,7101,null,null
48297,88200,6188,null,null
48299,159800,8780,null,null
48301,66700,58140,null,null
48303,105400,1913,null,null
48305,67000,8872,null,null
48307,68900,9960,null,null
48309,104800,2215,null,null
48311,82100,19717,null,null
48313,82700,9337,null,null
48315,63300,10770,null,null
48317,71600,11832,null,null
48319,152700,23150,null,null
48321,87500,3948,null,null
48323,81900,4320,null,null
48325,107200,7943,null,null
48327,63400,9162,null,null
48329,133100,4842,null,null
48331,85100,7098,null,null
48333,90600,22973,null,null
48335,58800,7508,null,null
48337,85800,4922,null,null
48339,161700,2478,null,null
48341,83400,6192,null,null
48343,72100,7859,null,null
48345,54100,15018,null,null
48347,90800,4490,null,null
48349,78900,3328,null,null
48351,73200,7116,null,null
48353,52400,6605,null,null
48355,107900,1790,null,null
48357,79600,6679,null,null
48359,89600,7581,null,null
48361,84000,2114,null,null
48363,81600,3313,null,null
48365,80900,5425,null,null
48367,150000,4525,null,null
48369,90500,5286,null,null
48371,54700,6179,null,null
48373,73700,5016,null,null
48375,82800,2433,null,null
48377,58200,9384,null,null
48379,90300,7475,null,null
48381,135800,2675,null,null
48383,60500,8902,null,null
48385,79600,15896,null,null
48387,67000,5856,null,null
48389,35300,4271,null,null
48391,67500,5561,null,null
48393,116800,24021,null,null
48395,77200,3629,null,null
48397,193000,4662,null,null
48399,59800,6370,null,null
48401,89500,4981,null,null
48403,72900,13145,null,null
48405,73300,5876,null,null
48407,81000,5454,null,null
48409,91800,3632,null,null
48411,72100,6618,null,null
48413,71700,8716,null,null
48415,78200,6625,null,null
48417,68100,7114,null,null
48419,66800,5584,null,null
48421,82800,6571,null,null
48423,119800,2988,null,null
48425,139000,18934,null,null
48427,59900,3243,null,null
48429,70100,10112,null,null
48431,63500,21010,null,null
48433,51200,6366,null,null
48435,76400,13004,null,null
48437,59400,8111,null,null
48439,136100,870,null,null
48441,90900,2535,null,null
48443,58200,11010,null,null
48445,60000,6642,null,null
48447,50500,6179,null,null
48449,88300,4121,null,null
48451,91100,2949,null,null
48453,210500,2177,null,null
48455,79500,7871,null,null
48457,74000,4815,null,null
48459,88300,3208,null,null
48461,39800,9626,null,null
48463,67500,6884,null,null
48465,85100,4088,null,null
48467,97600,5478,null,null
48469,103700,2835,null,null
48471,108100,5397,null,null
48473,128500,8492,null,null
48475,49100,5034,null,null
48477,137700,9606,null,null
48479,106500,2556,null,null
48481,87100,4983,null,null
48483,68100,7659,null,null
48485,88800,1957,null,null
48487,60700,8327,null,null
48489,51400,4523,null,null
48491,175400,1955,null,null
48493,133500,8411,null,null
48495,41600,5148,null,null
48497,120700,4952,null,null
48499,99100,4464,null,null
48501,58900,8188,null,null
48503,72800,10622,null,null
48505,52600,5934,null,null
48507,39500,6016,null,null
49001,152000,12018,null,null
49003,167400,2687,null,null
49005,185000,2957,null,null
49007,117200,7153,null,null
49009,162500,25108,null,null
49011,228200,2104,null,null
49013,169700,8894,null,null
49015,116200,6336,null,null
49017,149500,20144,null,null
49019,222100,15023,null,null
49021,196400,6278,null,null
49023,169500,6004,null,null
49025,171600,12336,null,null
49027,128600,7011,null,null
49029,259100,12800,null,null
49031,161600,12702,null,null
49033,140300,18617,null,null
49035,240900,1272,null,null
49037,116000,8897,null,null
49039,156200,4924,null,null
49041,150100,4764,null,null
49043,497200,32334,null,null
49045,188400,4419,null,null
49047,188700,6156,null,null
49049,234800,1897,null,null
49051,315100,19347,null,null
49053,235300,4311,null,null
49055,166600,15455,null,null
49057,171900,1505,null,null
50001,228600,4592,null,null
50003,204800,10254,null,null
50005,157400,3513,null,null
50007,263200,3646,null,null
50009,126000,7176,null,null
50011,205700,4247,null,null
50013,249600,14399,null,null
50015,214600,8037,null,null
50017,182600,5110,null,null
50019,153000,3483,null,null
50021,175200,4257,null,null
50023,203100,5424,null,null
50025,206400,5559,null,null
50027,213500,6637,null,null
51001,153400,8091,null,null
51003,350400,8589,null,null
51005,112700,6550,null,null
51007,198600,13547,null,null
51009,149200,6606,null,null
51011,140000,10113,null,null
51013,575600,9243,null,null
51015,194100,4249,null,null
51017,137100,26988,null,null
51019,193200,5834,null,null
51021,90600,5727,null,null
51023,208800,8706,null,null
51025,101400,6216,null,null
51027,70300,4784,null,null
51029,119000,14347,null,null
51031,144200,5940,null,null
51033,212200,10979,null,null
51035,98300,5163,null,null
51036,151200,8753,null,null
51037,107600,11819,null,null
51041,237600,2032,null,null
51043,356700,16983,null,null
51045,144500,21130,null,null
51047,285000,12172,null,null
51049,150300,15842,null,null
51051,71800,4946,null,null
51053,167500,6862,null,null
51057,176900,12496,null,null
51059,493100,3277,null,null
51061,376100,9353,null,null
51063,147900,10588,null,null
51065,235900,8606,null,null
51067,163800,5156,null,null
51069,244700,5194,null,null
51071,98800,6384,null,null
51073,229300,8571,null,null
51075,354700,15005,null,null
51077,96200,6852,null,null
51079,226300,11478,null,null
51081,104300,9756,null,null
51083,102300,7932,null,null
51085,280000,3907,null,null
51087,229500,2478,null,null
51089,93600,3709,null,null
51091,181900,16301,null,null
51093,257000,10891,null,null
51095,347600,6754,null,null
51097,159900,17412,null,null
51099,289800,10390,null,null
51101,207300,7195,null,null
51103,254300,17838,null,null
51105,77900,4043,null,null
51107,472000,5654,null,null
51109,211200,9927,null,null
51111,104800,13167,null,null
51113,254100,19449,null,null
51115,219300,18147,null,null
51117,124000,9383,null,null
51119,254700,34347,null,null
51121,196300,6660,null,null
51125,187900,27616,null,null
51127,255100,14259,null,null
51131,206600,21258,null,null
51133,246000,20888,null,null
51135,130900,11104,null,null
51137,238500,8951,null,null
51139,177300,7429,null,null
51141,106500,8562,null,null
51143,105100,3564,null,null
51145,283300,9458,null,null
51147,147400,15891,null,null
51149,206900,8737,null,null
51153,353300,3342,null,null
51155,127600,6341,null,null
51157,415400,47891,null,null
51159,155200,15142,null,null
51161,196500,3929,null,null
51163,179100,14752,null,null
51165,196700,4801,null,null
51167,89000,6379,null,null
51169,90400,5669,null,null
51171,215100,6132,null,null
51173,87400,4116,null,null
51175,150900,9846,null,null
51177,286800,5452,null,null
51179,334800,4477,null,null
51181,174500,9723,null,null
51183,122400,9236,null,null
51185,84900,3554,null,null
51187,244000,8376,null,null
51191,128900,8333,null,null
51193,190000,15459,null,null
51195,79800,4049,null,null
51197,112400,6979,null,null
51199,323900,6654,null,null
51510,480300,9290,null,null
51515,148000,13345,null,null
51520,97400,6536,null,null
51530,122800,10762,null,null
51540,283800,8967,null,null
51550,271700,3740,null,null
51570,189100,6198,null,null
51580,64900,4449,null,null
51590,88900,2636,null,null
51595,94500,6960,null,null
51600,472600,11854,null,null
51610,658500,27437,null,null
51620,196100,12341,null,null
51630,333000,12769,null,null
51640,91700,10351,null,null
51650,197500,3724,null,null
51660,218400,6600,null,null
51670,140000,6276,null,null
51678,253700,39577,null,null
51680,146100,3854,null,null
51683,278900,14384,null,null
51685,261500,20560,null,null
51690,90500,4894,null,null
51700,204100,2840,null,null
51710,211600,3561,null,null
51720,82800,14401,null,null
51730,119600,6773,null,null
51735,332800,12746,null,null
51740,184700,3804,null,null
51750,152200,11313,null,null
51760,204500,4677,null,null
51770,131800,3113,null,null
51775,166200,6920,null,null
51790,167600,4525,null,null
51800,254800,7066,null,null
51810,276500,2069,null,null
51820,172100,7562,null,null
51830,331200,37477,null,null
51840,255000,15017,null,null
53001,133400,7527,null,null
53003,170100,8801,null,null
53005,173500,2186,null,null
53007,256200,7334,null,null
53009,239800,6030,null,null
53011,254200,2801,null,null
53013,145900,15197,null,null
53015,193800,4200,null,null
53017,216700,7789,null,null
53019,144700,9712,null,null
53021,152300,4214,null,null
53023,131600,12986,null,null
53025,152300,6533,null,null
53027,160000,4850,null,null
53029,312000,8807,null,null
53031,308900,14885,null,null
53033,402300,2308,null,null
53035,284300,3257,null,null
53037,265000,10885,null,null
53039,200600,14704,null,null
53041,192700,5581,null,null
53043,156900,8996,null,null
53045,223800,6757,null,null
53047,164300,7264,null,null
53049,166800,4998,null,null
53051,192500,12959,null,null
53053,265200,1824,null,null
53055,494500,12874,null,null
53057,280800,5307,null,null
53059,257600,15077,null,null
53061,332000,1771,null,null
53063,192800,1875,null,null
53065,179300,7653,null,null
53067,259500,3557,null,null
53069,207200,17405,null,null
53071,201600,6796,null,null
53073,290400,4428,null,null
53075,187600,8480,null,null
53077,154800,2236,null,null
54001,84900,6855,null,null
54003,183000,4749,null,null
54005,75500,4135,null,null
54007,78600,5171,null,null
54009,85000,3986,null,null
54011,99500,2680,null,null
54013,72900,6201,null,null
54015,76400,11461,null,null
54017,78100,5545,null,null
54019,70700,2796,null,null
54021,72300,9663,null,null
54023,109100,7400,null,null
54025,99600,6459,null,null
54027,138600,8126,null,null
54029,87400,3378,null,null
54031,134100,12308,null,null
54033,94700,3731,null,null
54035,104200,5781,null,null
54037,237100,10970,null,null
54039,99900,2238,null,null
54041,91600,8053,null,null
54043,69500,3999,null,null
54045,78300,4230,null,null
54047,33300,1475,null,null
54049,87900,3114,null,null
54051,81200,2868,null,null
54053,83200,4831,null,null
54055,74400,2786,null,null
54057,114300,6201,null,null
54059,63500,4904,null,null
54061,154900,4403,null,null
54063,97300,10559,null,null
54065,165900,8739,null,null
54067,75800,2837,null,null
54069,95800,3970,null,null
54071,93900,11800,null,null
54073,92400,6151,null,null
54075,98700,16403,null,null
54077,100200,7648,null,null
54079,140800,4822,null,null
54081,89100,3318,null,null
54083,94500,5060,null,null
54085,76100,4267,null,null
54087,75900,3961,null,null
54089,79400,6937,null,null
54091,80600,5321,null,null
54093,97600,8215,null,null
54095,76300,5052,null,null
54097,95500,7091,null,null
54099,84300,4209,null,null
54101,62300,3475,null,null
54103,81500,4121,null,null
54105,73100,10593,null,null
54107,104600,3078,null,null
54109,57600,4366,null,null
55001,135000,3916,null,null
55003,113700,6624,null,null
55005,135000,3470,null,null
55007,157900,3621,null,null
55009,159900,1531,null,null
55011,134100,5418,null,null
55013,155400,4388,null,null
55015,161300,2867,null,null
55017,147900,3594,null,null
55019,111900,2623,null,null
55021,177000,3773,null,null
55023,116100,5426,null,null
55025,231400,1353,null,null
55027,157400,2570,null,null
55029,189400,8257,null,null
55031,133600,3955,null,null
55033,158300,3515,null,null
55035,148600,2430,null,null
55037,129600,16641,null,null
55039,145200,2556,null,null
55041,120100,6158,null,null
55043,121500,2477,null,null
55045,154000,3796,null,null
55047,140000,5163,null,null
55049,159200,4008,null,null
55051,109100,6240,null,null
55053,124000,4328,null,null
55055,183100,3161,null,null
55057,116500,2938,null,null
55059,180000,3003,null,null
55061,147200,5123,null,null
55063,151900,2455,null,null
55065,119700,2678,null,null
55067,107100,6208,null,null
55069,131000,4800,null,null
55071,125600,2320,null,null
55073,141700,1587,null,null
55075,109100,3101,null,null
55077,143000,4642,null,null
55078,96000,10541,null,null
55079,165300,747,null,null
55081,131900,3895,null,null
55083,147300,4064,null,null
55085,170700,3948,null,null
55087,155300,1865,null,null
55089,256800,5222,null,null
55091,139200,7911,null,null
55093,197400,4197,null,null
55095,167100,2435,null,null
55097,144400,2656,null,null
55099,114000,5276,null,null
55101,177300,3039,null,null
55103,123600,3977,null,null
55105,139000,1671,null,null
55107,108100,4680,null,null
55109,220300,3464,null,null
55111,167200,2864,null,null
55113,167900,5388,null,null
55115,124800,3988,null,null
55117,154300,2097,null,null
55119,122400,3530,null,null
55121,132100,4189,null,null
55123,133300,4153,null,null
55125,195000,8664,null,null
55127,198700,3319,null,null
55129,146400,6914,null,null
55131,231200,2645,null,null
55133,261100,1929,null,null
55135,138300,3294,null,null
55137,138500,4535,null,null
55139,140800,1749,null,null
55141,117900,2147,null,null
56001,194900,6225,null,null
56003,120400,5023,null,null
56005,199800,6942,null,null
56007,139200,7961,null,null
56009,180500,6593,null,null
56011,156300,10980,null,null
56013,166500,5580,null,null
56015,132400,10442,null,null
56017,136000,24238,null,null
56019,215500,27207,null,null
56021,174100,3349,null,null
56023,205800,10046,null,null
56025,177700,3344,null,null
56027,105400,14088,null,null
56029,203000,14898,null,null
56031,136100,9911,null,null
56033,224900,10846,null,null
56035,287100,23465,null,null
56037,180300,9812,null,null
56039,715300,51387,null,null
56041,178300,8605,null,null
56043,148400,15052,null,null
56045,139800,29156,null,null
72001,102800,9612,null,null
72003,89200,3029,null,null
72005,115000,3882,null,null
72007,90200,3046,null,null
72009,100900,5336,null,null
72011,109900,9272,null,null
72013,99400,1654,null,null
72015,86800,2373,null,null
72017,105300,4032,null,null
72019,88800,3254,null,null
72021,143900,1236,null,null
72023,114500,5414,null,null
72025,135600,1951,null,null
72027,89600,3819,null,null
72029,119300,5000,null,null
72031,154100,1415,null,null
72033,120400,5825,null,null
72035,105500,4229,null,null
72037,98600,3115,null,null
72039,98100,3573,null,null
72041,106800,5924,null,null
72043,86600,2434,null,null
72045,87000,3395,null,null
72047,99700,2746,null,null
72049,121400,13473,null,null
72051,142700,9839,null,null
72053,105000,2814,null,null
72054,102100,10180,null,null
72055,80700,2641,null,null
72057,91800,2031,null,null
72059,80000,3683,null,null
72061,206000,4996,null,null
72063,150100,7908,null,null
72065,101200,9546,null,null
72067,90600,3927,null,null
72069,110800,3682,null,null
72071,101700,4477,null,null
72073,96500,3549,null,null
72075,101700,3140,null,null
72077,114900,2492,null,null
72079,95900,3779,null,null
72081,98300,2971,null,null
72083,90700,6470,null,null
72085,116600,3014,null,null
72087,105100,3170,null,null
72089,110900,4383,null,null
72091,110400,2441,null,null
72093,101000,7506,null,null
72095,92200,3344,null,null
72097,91700,3253,null,null
72099,97500,3400,null,null
72101,99100,3146,null,null
72103,98000,3836,null,null
72105,87000,2393,null,null
72107,101500,5455,null,null
72109,87200,3216,null,null
72111,82000,3155,null,null
72113,104100,1822,null,null
72115,107600,5023,null,null
72117,107600,11204,null,null
72119,116500,3616,null,null
72121,93700,2633,null,null
72123,86300,3163,null,null
72125,90700,2460,null,null
72127,168700,1438,null,null
72129,118800,4996,null,null
72131,105200,7028,null,null
72133,94000,3812,null,null
72135,142400,3353,null,null
72137,125400,2254,null,null
72139,161500,2270,null,null
72141,97200,5135,null,null
72143,115600,4198,null,null
72145,113700,2498,null,null
72147,118900,5126,null,null
72149,100600,4496,null,null
72151,95600,2224,null,null
72153,91900,1932,null,null
