2490,48001,48001,TX,ANDERSON,7,6,3,46.8,163,83.0,50,9,0.66,4.19,1.15314,0.34602,-0.7215,0.4103,0.01867,-0.13291,1.07,4
2491,48003,48003,TX,ANDREWS,7,6,5,42.2,216,80.1,38,2,0.02,0.875,0.7726,1.9418,-0.33795,1.23178,-1.043,-1.88799,0.68,4
2492,48005,48005,TX,ANGELINA,7,5,7,48.8,163,83.0,50,4,7.27,6.59,1.31859,0.34602,-0.54924,0.4103,-0.73966,1.13709,1.92,4
2493,48007,48007,TX,ARANSAS,7,6,6,54.9,159,83.7,43,1,52.28,8.562,1.82321,0.22558,-0.21206,0.8895,-1.19466,2.18108,3.71,5
2494,48009,48009,TX,ARCHER,7,3,2,41.4,162,85.6,43,4,1.74,5.158,0.70642,0.31591,-1.88569,0.8895,-0.73966,0.37922,-0.33,3
2495,48011,48011,TX,ARMSTRONG,7,8,6,36.0,216,78.7,38,5,0.02,0.678,0.2597,1.9418,-0.49553,1.23178,-0.588,-1.9922,0.36,4
2496,48013,48013,TX,ATASCOSA,7,6,4,53.0,157,85.2,39,4,0.28,3.347,1.66603,0.16536,-0.77903,1.16332,-0.73966,-0.57957,0.9,4
2497,48015,48015,TX,AUSTIN,7,6,4,53.0,159,84.0,43,4,0.58,4.053,1.66603,0.22558,-0.45637,0.8895,-0.73966,-0.20549,1.38,4
2498,48017,48017,TX,BAILEY,7,7,8,36.2,216,77.9,38,2,0.08,2.106,0.27624,1.9418,-0.2632,1.23178,-1.043,-1.23605,0.91,4
2499,48019,48019,TX,BANDERA,7,8,4,48.5,205,81.0,34,19,0.73,4.292,1.29377,1.6106,-0.03732,1.50561,1.53535,-0.07923,5.83,6
2500,48021,48021,TX,BASTROP,7,2,2,50.0,159,84.5,43,4,0.84,4.433,1.41786,0.22558,-0.8492,0.8895,-0.73966,-0.00466,0.94,4
2501,48023,48023,TX,BAYLOR,7,7,8,40.4,200,84.5,37,4,3.36,5.816,0.62369,1.46005,-1.67606,1.30024,-0.73966,0.72757,1.7,4
2502,48025,48025,TX,BEE,7,6,5,54.0,159,84.4,43,4,0.02,0.658,1.74876,0.22558,-0.47779,0.8895,-0.73966,-2.00271,-0.36,3
2503,48027,48027,TX,BELL,7,2,2,47.1,162,84.6,43,5,2.59,5.558,1.17795,0.31591,-1.12587,0.8895,-0.588,0.59121,1.26,4
2504,48029,48029,TX,BEXAR,7,0,1,50.7,159,84.7,43,15,0.78,4.359,1.47577,0.22558,-0.84269,0.8895,0.92868,-0.04338,2.63,5
2505,48031,48031,TX,BLANCO,7,8,6,47.2,205,82.8,34,15,0.3,3.41,1.18623,1.6106,-0.63327,1.50561,0.92868,-0.54581,4.05,5
2506,48033,48033,TX,BORDEN,7,9,9,41.2,200,82.4,37,9,0.8,4.382,0.68987,1.46005,-1.04251,1.30024,0.01867,-0.03136,2.39,5
2507,48035,48035,TX,BOSQUE,7,6,6,46.7,162,84.6,43,5,1.34,4.898,1.14486,0.31591,-1.16032,0.8895,-0.588,0.24174,0.84,4
2508,48037,48037,TX,BOWIE,7,3,2,43.0,163,82.3,50,4,3.78,5.935,0.83878,0.34602,-0.86058,0.4103,-0.73966,0.79066,0.79,4
2509,48039,48039,TX,BRAZORIA,7,1,1,53.6,146,82.3,64,1,13.19,7.184,1.71567,-0.16583,0.0524,-0.5481,-1.19466,1.45195,1.31,4
2510,48041,48041,TX,BRAZOS,7,3,2,50.2,163,84.4,50,4,0.77,4.338,1.4344,0.34602,-0.80509,0.4103,-0.73966,-0.05468,0.59,4
2511,48043,48043,TX,BREWSTER,7,7,8,45.8,249,77.2,29,11,0.0,0.0,1.07041,2.93539,0.75187,1.84789,0.32201,-2.35103,4.58,5
2512,48045,48045,TX,BRISCOE,7,9,9,38.3,216,78.9,38,5,0.15,2.691,0.44997,1.9418,-0.35121,1.23178,-0.588,-0.92641,1.76,4
2513,48047,48047,TX,BROOKS,7,7,8,56.7,157,86.3,39,1,0.03,1.252,1.97212,0.16536,-0.75611,1.16332,-1.19466,-1.68835,-0.34,3
2514,48049,48049,TX,BROWN,7,7,7,44.6,162,84.6,43,4,1.36,4.915,0.97114,0.31591,-1.3412,0.8895,-0.73966,0.25043,0.35,4
2515,48051,48051,TX,BURLESON,7,6,6,50.2,159,84.4,43,4,1.8,5.195,1.4344,0.22558,-0.80509,0.8895,-0.73966,0.39864,1.4,4
2516,48053,48053,TX,BURNET,7,6,6,46.6,205,85.4,34,15,2.44,5.497,1.13659,1.6106,-1.38404,1.50561,0.92868,0.55858,4.36,5
2517,48055,48055,TX,CALDWELL,7,2,2,51.3,159,84.9,43,4,0.31,3.418,1.5254,0.22558,-0.84478,0.8895,-0.73966,-0.54181,0.51,4
2518,48057,48057,TX,CALHOUN,7,6,5,54.9,146,83.7,64,1,50.36,8.524,1.82321,-0.16583,-0.21206,-0.5481,-1.19466,2.16131,1.86,4
2519,48059,48059,TX,CALLAHAN,7,6,6,43.7,162,83.9,43,9,0.29,3.377,0.89669,0.31591,-1.2305,0.8895,0.01867,-0.56332,0.33,4
2520,48061,48061,TX,CAMERON,7,2,2,60.3,149,84.4,63,1,29.05,7.974,2.26993,-0.07551,0.06483,-0.47965,-1.19466,1.8701,2.46,5
2521,48063,48063,TX,CAMP,7,6,6,43.5,163,82.3,50,4,2.8,5.635,0.88014,0.34602,-0.81752,0.4103,-0.73966,0.6317,0.71,4
2522,48065,48065,TX,CARSON,7,8,6,36.0,216,78.7,38,5,0.1,2.287,0.2597,1.9418,-0.49553,1.23178,-0.588,-1.14034,1.21,4
2523,48067,48067,TX,CASS,7,6,6,43.5,163,82.3,50,4,2.39,5.476,0.88014,0.34602,-0.81752,0.4103,-0.73966,0.54757,0.63,4
2524,48069,48069,TX,CASTRO,7,7,8,36.5,216,77.4,38,2,0.11,2.368,0.30106,1.9418,-0.10292,1.23178,-1.043,-1.09765,1.23,4
2525,48071,48071,TX,CHAMBERS,7,1,1,53.9,146,83.2,64,1,31.0,8.039,1.74049,-0.16583,-0.16375,-0.5481,-1.19466,1.90436,1.57,4
2526,48073,48073,TX,CHEROKEE,7,6,5,46.8,163,83.0,50,9,0.91,4.515,1.15314,0.34602,-0.7215,0.4103,0.01867,0.0387,1.25,4
2527,48075,48075,TX,CHILDRESS,7,7,8,39.7,200,83.2,37,5,0.46,3.825,0.56578,1.46005,-1.38681,1.30024,-0.588,-0.32645,1.02,4
2528,48077,48077,TX,CLAY,7,6,6,41.4,162,85.6,43,4,1.64,5.103,0.70642,0.31591,-1.88569,0.8895,-0.73966,0.35009,-0.36,3
2529,48079,48079,TX,COCHRAN,7,7,8,39.1,216,79.7,38,2,0.01,0.149,0.51615,1.9418,-0.49741,1.23178,-1.043,-2.27211,-0.12,3
2530,48081,48081,TX,COKE,7,8,6,46.4,205,84.7,34,9,3.14,5.75,1.12005,1.6106,-1.21305,1.50561,0.01867,0.69288,3.73,5
2531,48083,48083,TX,COLEMAN,7,6,6,46.5,200,83.5,37,4,0.67,4.207,1.12832,1.46005,-0.88178,1.30024,-0.73966,-0.12386,2.14,4
2532,48085,48085,TX,COLLIN,7,0,1,42.4,162,83.0,43,4,4.31,6.067,0.78914,0.31591,-1.10048,0.8895,-0.73966,0.86025,1.01,4
2533,48087,48087,TX,COLLINGSWORT,7,9,9,39.1,200,82.9,37,5,0.07,1.94,0.51615,1.46005,-1.35782,1.30024,-0.588,-1.32398,0.01,3
2534,48089,48089,TX,COLORADO,7,7,8,53.0,159,84.0,43,4,1.09,4.694,1.66603,0.22558,-0.45637,0.8895,-0.73966,0.13363,1.72,4
2535,48091,48091,TX,COMAL,7,1,1,51.3,159,84.9,43,15,2.29,5.433,1.5254,0.22558,-0.84478,0.8895,0.92868,0.52488,3.25,5
2536,48093,48093,TX,COMANCHE,7,7,8,44.6,162,84.6,43,5,1.05,4.657,0.97114,0.31591,-1.3412,0.8895,-0.588,0.11403,0.36,4
2537,48095,48095,TX,CONCHO,7,8,6,47.4,205,83.2,34,5,0.22,3.111,1.20277,1.6106,-0.7236,1.50561,-0.588,-0.70433,2.3,4
2538,48097,48097,TX,COOKE,7,6,3,42.0,162,83.9,43,5,2.79,5.631,0.75605,0.31591,-1.37692,0.8895,-0.588,0.62983,0.63,4
2539,48099,48099,TX,CORYELL,7,2,2,47.9,162,85.5,43,10,0.47,3.849,1.24413,0.31591,-1.29896,0.8895,0.17034,-0.31374,1.01,4
2540,48101,48101,TX,COTTLE,7,9,9,39.7,200,83.2,37,5,0.05,1.539,0.56578,1.46005,-1.38681,1.30024,-0.588,-1.53658,-0.19,3
2541,48103,48103,TX,CRANE,7,6,6,46.5,249,84.6,29,2,0.0,0.0,1.12832,2.93539,-1.17755,1.84789,-1.043,-2.35103,1.34,4
2542,48105,48105,TX,CROCKETT,7,7,8,46.5,205,84.6,34,15,0.0,0.0,1.12832,1.6106,-1.17755,1.50561,0.92868,-2.35103,1.64,4
2543,48107,48107,TX,CROSBY,7,8,6,39.0,216,80.0,38,9,0.24,3.181,0.50788,1.9418,-0.58668,1.23178,0.01867,-0.66733,2.45,5
2544,48109,48109,TX,CULBERSON,7,7,8,44.5,249,80.5,29,12,0.01,0.0,0.96287,2.93539,-0.2474,1.84789,0.47368,-2.35103,3.62,5
2545,48111,48111,TX,DALLAM,7,7,8,33.8,216,77.4,38,2,0.04,1.314,0.0777,1.9418,-0.33548,1.23178,-1.043,-1.65562,0.22,4
2546,48113,48113,TX,DALLAS,7,0,1,45.4,162,85.7,43,4,3.19,5.765,1.03732,0.31591,-1.56806,0.8895,-0.73966,0.70067,0.64,4
2547,48115,48115,TX,DAWSON,7,7,7,40.3,216,80.6,38,2,0.01,0.0,0.61542,1.9418,-0.63604,1.23178,-1.043,-2.35103,-0.24,3
2548,48117,48117,TX,DEAF SMITH,7,6,5,36.5,216,77.4,38,2,0.06,1.815,0.30106,1.9418,-0.10292,1.23178,-1.043,-1.39036,0.94,4
2549,48119,48119,TX,DELTA,7,8,4,41.5,162,83.0,43,4,0.28,3.322,0.71469,0.31591,-1.178,0.8895,-0.73966,-0.59279,-0.59,3
2550,48121,48121,TX,DENTON,7,0,1,44.8,162,84.1,43,4,7.23,6.583,0.98768,0.31591,-1.18953,0.8895,-0.73966,1.13374,1.4,4
2551,48123,48123,TX,DE WITT,7,6,6,52.9,159,84.4,43,4,0.14,2.635,1.65776,0.22558,-0.57254,0.8895,-0.73966,-0.95605,0.5,4
2552,48125,48125,TX,DICKENS,7,9,9,42.1,200,84.3,37,5,0.11,2.402,0.76433,1.46005,-1.47586,1.30024,-0.588,-1.07949,0.38,4
2553,48127,48127,TX,DIMMIT,7,7,8,53.4,157,86.9,39,4,0.27,3.287,1.69912,0.16536,-1.20167,1.16332,-0.73966,-0.61133,0.48,4
2554,48129,48129,TX,DONLEY,7,9,9,39.1,200,82.9,37,5,0.35,3.56,0.51615,1.46005,-1.35782,1.30024,-0.588,-0.46674,0.86,4
2555,48131,48131,TX,DUVAL,7,7,8,55.7,157,85.6,39,4,0.17,2.806,1.88939,0.16536,-0.65402,1.16332,-0.73966,-0.86587,0.96,4
2556,48133,48133,TX,EASTLAND,7,7,8,44.0,162,83.1,43,4,0.63,4.146,0.9215,0.31591,-0.98956,0.8895,-0.73966,-0.15623,0.24,4
2557,48135,48135,TX,ECTOR,7,3,2,43.6,249,82.3,29,2,0.07,1.944,0.88841,2.93539,-0.8089,1.84789,-1.043,-1.32201,2.5,5
2558,48137,48137,TX,EDWARDS,7,9,9,45.6,205,80.7,34,19,0.01,0.0,1.05387,1.6106,-0.20644,1.50561,1.53535,-2.35103,3.15,5
2559,48139,48139,TX,ELLIS,7,1,1,43.8,162,84.3,43,4,1.23,4.816,0.90496,0.31591,-1.32944,0.8895,-0.73966,0.19823,0.24,4
2560,48141,48141,TX,EL PASO,7,2,2,43.6,249,82.3,29,12,0.16,2.795,0.88841,2.93539,-0.8089,1.84789,0.47368,-0.87165,4.46,5
2561,48143,48143,TX,ERATH,7,6,3,44.0,162,83.1,43,5,0.32,3.461,0.9215,0.31591,-0.98956,0.8895,-0.588,-0.51915,0.03,3
2562,48145,48145,TX,FALLS,7,6,6,47.1,162,84.6,43,4,0.61,4.111,1.17795,0.31591,-1.12587,0.8895,-0.73966,-0.17504,0.34,4
2563,48147,48147,TX,FANNIN,7,6,6,43.4,162,83.4,43,4,0.85,4.446,0.87187,0.31591,-1.1219,0.8895,-0.73966,0.00248,0.22,4
2564,48149,48149,TX,FAYETTE,7,7,8,50.0,159,84.5,43,4,1.02,4.625,1.41786,0.22558,-0.8492,0.8895,-0.73966,0.09709,1.04,4
2565,48151,48151,TX,FISHER,7,9,8,41.2,200,82.4,37,4,0.06,1.861,0.68987,1.46005,-1.04251,1.30024,-0.73966,-1.36582,0.3,4
2566,48153,48153,TX,FLOYD,7,7,8,38.3,216,78.9,38,5,0.03,1.001,0.44997,1.9418,-0.35121,1.23178,-0.588,-1.82131,0.86,4
2567,48155,48155,TX,FOARD,7,9,9,38.9,200,84.1,37,5,0.14,2.658,0.4996,1.46005,-1.6977,1.30024,-0.588,-0.94393,0.03,3
2568,48157,48157,TX,FORT BEND,7,0,1,52.2,146,83.6,64,1,1.25,4.828,1.59985,-0.16583,-0.41772,-0.5481,-1.19466,0.20449,-0.52,3
2569,48159,48159,TX,FRANKLIN,7,9,8,43.5,163,82.3,50,4,3.09,5.735,0.88014,0.34602,-0.81752,0.4103,-0.73966,0.6845,0.76,4
2570,48161,48161,TX,FREESTONE,7,7,8,46.8,163,83.0,50,4,0.78,4.355,1.15314,0.34602,-0.7215,0.4103,-0.73966,-0.04554,0.4,4
2571,48163,48163,TX,FRIO,7,7,8,53.0,157,85.2,39,4,0.11,2.408,1.66603,0.16536,-0.77903,1.16332,-0.73966,-1.07659,0.4,4
2572,48165,48165,TX,GAINES,7,7,8,42.2,216,80.1,38,2,0.03,1.182,0.7726,1.9418,-0.33795,1.23178,-1.043,-1.72544,0.84,4
2573,48167,48167,TX,GALVESTON,7,0,1,53.9,146,83.2,64,1,54.51,8.604,1.74049,-0.16583,-0.16375,-0.5481,-1.19466,2.2032,1.87,4
2574,48169,48169,TX,GARZA,7,6,6,41.2,200,82.4,37,9,0.07,1.95,0.68987,1.46005,-1.04251,1.30024,0.01867,-1.31877,1.11,4
2575,48171,48171,TX,GILLESPIE,7,7,8,48.3,205,82.1,34,10,0.04,1.375,1.27722,1.6106,-0.35031,1.50561,0.17034,-1.62301,2.59,5
2576,48173,48173,TX,GLASSCOCK,7,8,6,43.6,216,82.3,38,2,0.02,0.692,0.88841,1.9418,-0.8089,1.23178,-1.043,-1.9847,0.23,4
2577,48175,48175,TX,GOLIAD,7,8,6,55.3,159,84.9,43,4,0.68,4.221,1.8563,0.22558,-0.50026,0.8895,-0.73966,-0.11694,1.61,4
2578,48177,48177,TX,GONZALES,7,6,4,52.9,159,84.4,43,4,0.19,2.958,1.65776,0.22558,-0.57254,0.8895,-0.73966,-0.78539,0.68,4
2579,48179,48179,TX,GRAY,7,7,7,34.6,216,79.5,38,5,0.1,2.345,0.14388,1.9418,-0.83122,1.23178,-0.588,-1.10949,0.79,4
2580,48181,48181,TX,GRAYSON,7,3,2,41.7,162,83.6,43,4,4.65,6.143,0.73124,0.31591,-1.3221,0.8895,-0.73966,0.90061,0.78,4
2581,48183,48183,TX,GREGG,7,3,2,46.2,163,83.5,50,4,0.85,4.439,1.1035,0.34602,-0.90762,0.4103,-0.73966,-0.00149,0.21,4
2582,48185,48185,TX,GRIMES,7,6,6,49.2,163,83.6,50,4,0.93,4.532,1.35168,0.34602,-0.67612,0.4103,-0.73966,0.04813,0.74,4
2583,48187,48187,TX,GUADALUPE,7,1,1,49.7,159,84.3,43,4,0.42,3.748,1.39304,0.22558,-0.82127,0.8895,-0.73966,-0.36722,0.58,4
2584,48189,48189,TX,HALE,7,4,5,38.3,216,78.9,38,2,0.01,0.09,0.44997,1.9418,-0.35121,1.23178,-1.043,-2.30314,-0.07,3
2585,48191,48191,TX,HALL,7,9,9,39.7,200,83.2,37,5,0.11,2.393,0.56578,1.46005,-1.38681,1.30024,-0.588,-1.08415,0.27,4
2586,48193,48193,TX,HAMILTON,7,6,6,46.7,162,84.6,43,5,0.08,2.081,1.14486,0.31591,-1.16032,0.8895,-0.588,-1.24963,-0.65,3
2587,48195,48195,TX,HANSFORD,7,7,8,34.1,216,79.3,38,2,0.07,1.875,0.10252,1.9418,-0.82051,1.23178,-1.043,-1.35872,0.05,3
2588,48197,48197,TX,HARDEMAN,7,7,8,38.9,200,84.1,37,4,0.23,3.146,0.4996,1.46005,-1.6977,1.30024,-0.73966,-0.68577,0.14,4
2589,48199,48199,TX,HARDIN,7,2,2,50.8,163,81.5,50,4,0.34,3.526,1.48404,0.34602,0.02634,0.4103,-0.73966,-0.4846,1.04,4
2590,48201,48201,TX,HARRIS,7,0,1,52.1,146,83.3,64,1,2.75,5.617,1.59158,-0.16583,-0.34567,-0.5481,-1.19466,0.62224,-0.04,3
2591,48203,48203,TX,HARRISON,7,3,2,45.4,163,83.3,50,4,1.78,5.184,1.03732,0.34602,-0.92275,0.4103,-0.73966,0.3932,0.52,4
2592,48205,48205,TX,HARTLEY,7,7,8,33.8,216,77.4,38,2,0.06,1.871,0.0777,1.9418,-0.33548,1.23178,-1.043,-1.36084,0.51,4
2593,48207,48207,TX,HASKELL,7,7,8,42.1,200,84.3,37,9,0.8,4.383,0.76433,1.46005,-1.47586,1.30024,0.01867,-0.03091,2.04,4
2594,48209,48209,TX,HAYS,7,2,2,49.3,159,83.5,43,15,0.28,3.341,1.35995,0.22558,-0.64061,0.8895,0.92868,-0.58261,2.18,4
2595,48211,48211,TX,HEMPHILL,7,9,9,34.6,216,79.5,38,5,0.26,3.262,0.14388,1.9418,-0.83122,1.23178,-0.588,-0.62449,1.27,4
2596,48213,48213,TX,HENDERSON,7,1,1,47.5,163,82.2,50,9,7.87,6.669,1.21104,0.34602,-0.44611,0.4103,0.01867,1.17892,2.72,5
2597,48215,48215,TX,HIDALGO,7,2,2,59.4,149,84.9,63,2,0.87,4.462,2.19548,-0.07551,-0.14712,-0.47965,-1.043,0.01064,0.46,4
2598,48217,48217,TX,HILL,7,6,6,45.3,162,84.9,43,5,2.36,5.465,1.02905,0.31591,-1.36157,0.8895,-0.588,0.54159,0.83,4
2599,48219,48219,TX,HOCKLEY,7,6,5,39.1,216,79.7,38,2,0.03,1.089,0.51615,1.9418,-0.49741,1.23178,-1.043,-1.7745,0.37,4
2600,48221,48221,TX,HOOD,7,1,1,46.7,162,84.6,43,5,3.48,5.851,1.14486,0.31591,-1.16032,0.8895,-0.588,0.74638,1.35,4
2601,48223,48223,TX,HOPKINS,7,6,3,43.5,163,82.3,50,4,1.01,4.619,0.88014,0.34602,-0.81752,0.4103,-0.73966,0.0941,0.17,4
2602,48225,48225,TX,HOUSTON,7,7,8,47.7,163,83.7,50,4,0.48,3.872,1.22759,0.34602,-0.8322,0.4103,-0.73966,-0.3016,0.11,4
2603,48227,48227,TX,HOWARD,7,5,7,44.0,216,83.0,38,9,0.15,2.711,0.9215,1.9418,-0.96267,1.23178,0.01867,-0.91615,2.23,4
2604,48229,48229,TX,HUDSPETH,7,8,6,44.5,249,80.5,29,12,0.02,0.71,0.96287,2.93539,-0.2474,1.84789,0.47368,-1.97519,4.0,5
2605,48231,48231,TX,HUNT,7,1,1,42.4,162,83.0,43,4,4.63,6.138,0.78914,0.31591,-1.10048,0.8895,-0.73966,0.89817,1.05,4
2606,48233,48233,TX,HUTCHINSON,7,6,5,34.6,216,79.5,38,5,0.85,4.439,0.14388,1.9418,-0.83122,1.23178,-0.588,-0.00128,1.9,4
2607,48235,48235,TX,IRION,7,8,6,46.4,205,84.7,34,5,0.01,0.045,1.12005,1.6106,-1.21305,1.50561,-0.588,-2.32725,0.11,4
2608,48237,48237,TX,JACK,7,6,4,45.2,162,84.8,43,9,0.3,3.397,1.02078,0.31591,-1.34329,0.8895,0.01867,-0.55266,0.35,4
2609,48239,48239,TX,JACKSON,7,6,6,53.5,146,84.4,64,1,3.22,5.774,1.7074,-0.16583,-0.52086,-0.5481,-1.19466,0.70532,-0.02,3
2610,48241,48241,TX,JASPER,7,6,6,50.8,163,81.5,50,4,3.32,5.806,1.48404,0.34602,0.02634,0.4103,-0.73966,0.72214,2.25,4
2611,48243,48243,TX,JEFF DAVIS,7,9,9,42.1,249,70.4,29,12,0.01,0.0,0.76433,2.93539,2.26156,1.84789,0.47368,-2.35103,5.93,6
2612,48245,48245,TX,JEFFERSON,7,2,2,52.0,146,83.0,64,1,18.69,7.533,1.58331,-0.16583,-0.27362,-0.5481,-1.19466,1.63661,1.04,4
2613,48247,48247,TX,JIM HOGG,7,6,6,56.5,157,87.9,39,4,0.0,0.0,1.95557,0.16536,-1.20354,1.16332,-0.73966,-2.35103,-1.01,3
2614,48249,48249,TX,JIM WELLS,7,4,5,55.7,157,85.6,39,4,0.42,3.739,1.88939,0.16536,-0.65402,1.16332,-0.73966,-0.37207,1.45,4
2615,48251,48251,TX,JOHNSON,7,1,1,44.8,162,84.8,43,5,0.69,4.233,0.98768,0.31591,-1.37775,0.8895,-0.588,-0.11054,0.12,4
2616,48253,48253,TX,JONES,7,6,5,43.7,200,83.9,37,4,0.65,4.181,0.89669,1.46005,-1.2305,1.30024,-0.73966,-0.13805,1.55,4
2617,48255,48255,TX,KARNES,7,6,4,55.3,159,84.9,43,4,0.43,3.77,1.8563,0.22558,-0.50026,0.8895,-0.73966,-0.35526,1.38,4
2618,48257,48257,TX,KAUFMAN,7,1,1,43.8,162,84.3,43,4,2.57,5.55,0.90496,0.31591,-1.32944,0.8895,-0.73966,0.58666,0.63,4
2619,48259,48259,TX,KENDALL,7,6,4,48.5,205,81.0,34,19,0.09,2.203,1.29377,1.6106,-0.03732,1.50561,1.53535,-1.18511,4.72,6
2620,48261,48261,TX,KENEDY,7,9,9,56.7,157,86.3,39,1,25.12,7.829,1.97212,0.16536,-0.75611,1.16332,-1.19466,1.79308,3.14,5
2621,48263,48263,TX,KENT,7,9,9,41.2,200,82.4,37,5,0.06,1.86,0.68987,1.46005,-1.04251,1.30024,-0.588,-1.36649,0.45,4
2622,48265,48265,TX,KERR,7,7,7,45.6,205,80.7,34,19,0.13,2.599,1.05387,1.6106,-0.20644,1.50561,1.53535,-0.97526,4.52,5
2623,48267,48267,TX,KIMBLE,7,7,8,47.3,205,83.0,34,5,0.02,0.609,1.1945,1.6106,-0.67844,1.50561,-0.588,-2.02869,1.02,4
2624,48269,48269,TX,KING,7,9,9,42.1,200,84.3,37,5,0.11,2.432,0.76433,1.46005,-1.47586,1.30024,-0.588,-1.06346,0.4,4
2625,48271,48271,TX,KINNEY,7,9,9,50.8,205,86.7,34,19,0.14,2.617,1.48404,1.6106,-1.37183,1.50561,1.53535,-0.9657,3.8,5
2626,48273,48273,TX,KLEBERG,7,4,5,56.3,159,84.8,43,1,20.12,7.607,1.93903,0.22558,-0.38724,0.8895,-1.19466,1.67568,3.15,5
2627,48275,48275,TX,KNOX,7,9,9,43.8,200,84.6,37,4,0.16,2.759,0.90496,1.46005,-1.4101,1.30024,-0.73966,-0.89071,0.62,4
2628,48277,48277,TX,LAMAR,7,5,7,41.5,162,83.0,43,4,1.66,5.111,0.71469,0.31591,-1.178,0.8895,-0.73966,0.35461,0.36,4
2629,48279,48279,TX,LAMB,7,6,6,38.3,216,78.9,38,2,0.15,2.704,0.44997,1.9418,-0.35121,1.23178,-1.043,-0.91988,1.31,4
2630,48281,48281,TX,LAMPASAS,7,6,5,45.8,205,83.5,34,10,0.27,3.292,1.07041,1.6106,-0.94207,1.50561,0.17034,-0.60857,2.81,5
2631,48283,48283,TX,LA SALLE,7,6,6,51.8,157,85.6,39,4,0.36,3.584,1.56676,0.16536,-0.98993,1.16332,-0.73966,-0.4541,0.71,4
2632,48285,48285,TX,LAVACA,7,6,6,52.9,159,84.4,43,4,0.05,1.534,1.65776,0.22558,-0.57254,0.8895,-0.73966,-1.53898,-0.08,3
2633,48287,48287,TX,LEE,7,6,6,49.7,159,84.6,43,4,0.87,4.465,1.39304,0.22558,-0.90193,0.8895,-0.73966,0.01233,0.88,4
2634,48289,48289,TX,LEON,7,8,6,47.7,163,83.7,50,4,0.77,4.346,1.22759,0.34602,-0.8322,0.4103,-0.73966,-0.05038,0.36,4
2635,48291,48291,TX,LIBERTY,7,1,1,51.9,146,83.1,64,4,1.4,4.944,1.57504,-0.16583,-0.30912,-0.5481,-0.73966,0.26579,0.08,4
2636,48293,48293,TX,LIMESTONE,7,6,6,45.7,162,83.7,43,4,2.61,5.564,1.06214,0.31591,-1.00446,0.8895,-0.73966,0.59413,1.12,4
2637,48295,48295,TX,LIPSCOMB,7,9,9,34.2,216,79.5,38,5,0.01,0.165,0.11079,1.9418,-0.86567,1.23178,-0.588,-2.26346,-0.43,3
2638,48297,48297,TX,LIVE OAK,7,6,6,54.0,157,84.4,39,4,3.94,5.977,1.74876,0.16536,-0.47779,1.16332,-0.73966,0.81287,2.67,5
2639,48299,48299,TX,LLANO,7,7,8,46.6,205,85.4,34,10,3.25,5.783,1.13659,1.6106,-1.38404,1.50561,0.17034,0.71036,3.75,5
2640,48301,48301,TX,LOVING,7,9,9,44.1,249,84.8,29,4,0.56,4.02,0.92978,2.93539,-1.43804,1.84789,-0.73966,-0.22312,3.31,5
2641,48303,48303,TX,LUBBOCK,7,3,2,39.1,216,79.7,38,2,0.13,2.538,0.51615,1.9418,-0.49741,1.23178,-1.043,-1.00748,1.14,4
2642,48305,48305,TX,LYNN,7,6,6,39.1,216,79.7,38,2,0.18,2.873,0.51615,1.9418,-0.49741,1.23178,-1.043,-0.83043,1.32,4
2643,48307,48307,TX,MC CULLOCH,7,7,8,45.3,205,82.7,34,5,0.38,3.63,1.02905,1.6106,-0.77003,1.50561,-0.588,-0.42929,2.36,5
2644,48309,48309,TX,MC LENNAN,7,3,2,47.0,162,85.6,43,5,1.73,5.153,1.16968,0.31591,-1.40336,0.8895,-0.588,0.37674,0.76,4
2645,48311,48311,TX,MC MULLEN,7,9,9,51.8,157,85.6,39,4,2.59,5.557,1.56676,0.16536,-0.98993,1.16332,-0.73966,0.59067,1.76,4
2646,48313,48313,TX,MADISON,7,6,6,47.7,163,83.7,50,4,0.59,4.082,1.22759,0.34602,-0.8322,0.4103,-0.73966,-0.19028,0.22,4
2647,48315,48315,TX,MARION,7,8,6,45.4,163,83.3,50,4,9.31,6.837,1.03732,0.34602,-0.92275,0.4103,-0.73966,1.26784,1.4,4
2648,48317,48317,TX,MARTIN,7,6,5,44.0,216,83.0,38,2,0.09,2.216,0.9215,1.9418,-0.96267,1.23178,-1.043,-1.17785,0.91,4
2649,48319,48319,TX,MASON,7,9,9,47.3,205,83.0,34,10,0.01,0.165,1.1945,1.6106,-0.67844,1.50561,0.17034,-2.26345,1.54,4
2650,48321,48321,TX,MATAGORDA,7,4,3,55.0,146,84.0,64,1,30.87,8.035,1.83149,-0.16583,-0.28411,-0.5481,-1.19466,1.90225,1.54,4
2651,48323,48323,TX,MAVERICK,7,5,7,51.3,157,87.8,39,4,0.9,4.504,1.5254,0.16536,-1.62453,1.16332,-0.73966,0.03288,0.52,4
2652,48325,48325,TX,MEDINA,7,6,4,50.7,159,84.9,43,4,0.51,3.925,1.47577,0.22558,-0.89646,0.8895,-0.73966,-0.27339,0.68,4
2653,48327,48327,TX,MENARD,7,8,6,44.6,205,84.6,34,5,0.04,1.327,0.97114,1.6106,-1.3412,1.50561,-0.588,-1.64883,0.51,4
2654,48329,48329,TX,MIDLAND,7,3,2,43.6,216,82.3,38,2,0.19,2.948,0.88841,1.9418,-0.8089,1.23178,-1.043,-0.79052,1.42,4
2655,48331,48331,TX,MILAM,7,6,6,49.9,162,84.5,43,4,0.48,3.88,1.40959,0.31591,-0.85782,0.8895,-0.73966,-0.29694,0.72,4
2656,48333,48333,TX,MILLS,7,9,9,44.6,162,84.6,43,5,0.24,3.167,0.97114,0.31591,-1.3412,0.8895,-0.588,-0.67463,-0.43,3
2657,48335,48335,TX,MITCHELL,7,7,8,45.4,200,84.3,37,9,0.64,4.158,1.03732,1.46005,-1.19163,1.30024,0.01867,-0.14977,2.47,5
2658,48337,48337,TX,MONTAGUE,7,7,8,41.4,162,85.6,43,5,0.83,4.418,0.70642,0.31591,-1.88569,0.8895,-0.588,-0.01261,-0.57,3
2659,48339,48339,TX,MONTGOMERY,7,1,1,49.7,163,83.1,50,4,3.03,5.712,1.39304,0.34602,-0.49861,0.4103,-0.73966,0.67266,1.58,4
2660,48341,48341,TX,MOORE,7,6,5,33.8,216,77.4,38,5,1.09,4.695,0.0777,1.9418,-0.33548,1.23178,-0.588,0.13413,2.46,5
2661,48343,48343,TX,MORRIS,7,6,6,43.5,163,82.3,50,4,1.6,5.073,0.88014,0.34602,-0.81752,0.4103,-0.73966,0.33439,0.41,4
2662,48345,48345,TX,MOTLEY,7,9,9,39.7,200,83.2,37,5,0.04,1.469,0.56578,1.46005,-1.38681,1.30024,-0.588,-1.57353,-0.22,3
2663,48347,48347,TX,NACOGDOCHES,7,5,7,47.1,163,82.6,50,9,3.52,5.864,1.17795,0.34602,-0.58811,0.4103,0.01867,0.75305,2.12,4
2664,48349,48349,TX,NAVARRO,7,4,3,45.7,162,84.5,43,4,1.39,4.933,1.06214,0.31591,-1.21957,0.8895,-0.73966,0.25997,0.57,4
2665,48351,48351,TX,NEWTON,7,8,6,50.8,163,81.5,50,4,0.73,4.285,1.48404,0.34602,0.02634,0.4103,-0.73966,-0.08292,1.44,4
2666,48353,48353,TX,NOLAN,7,6,5,43.0,200,82.0,37,9,0.21,3.06,0.83878,1.46005,-0.77992,1.30024,0.01867,-0.73107,2.11,4
2667,48355,48355,TX,NUECES,7,2,2,56.3,159,84.8,43,1,28.35,7.95,1.93903,0.22558,-0.38724,0.8895,-1.19466,1.85706,3.33,5
2668,48357,48357,TX,OCHILTREE,7,7,8,34.2,216,79.5,38,5,0.06,1.715,0.11079,1.9418,-0.86567,1.23178,-0.588,-1.4434,0.39,4
2669,48359,48359,TX,OLDHAM,7,8,6,35.6,216,77.3,38,5,0.05,1.66,0.22661,1.9418,-0.15355,1.23178,-0.588,-1.47212,1.19,4
2670,48361,48361,TX,ORANGE,7,2,2,52.0,146,83.0,64,1,6.1,6.413,1.58331,-0.16583,-0.27362,-0.5481,-1.19466,1.04357,0.44,4
2671,48363,48363,TX,PALO PINTO,7,6,3,44.5,162,85.0,43,9,3.3,5.801,0.96287,0.31591,-1.45736,0.8895,0.01867,0.71942,1.45,4
2672,48365,48365,TX,PANOLA,7,6,6,47.5,163,82.2,50,4,2.49,5.516,1.21104,0.34602,-0.44611,0.4103,-0.73966,0.56874,1.35,4
2673,48367,48367,TX,PARKER,7,1,1,44.8,162,84.8,43,5,0.72,4.279,0.98768,0.31591,-1.37775,0.8895,-0.588,-0.08585,0.14,4
2674,48369,48369,TX,PARMER,7,7,8,36.5,216,77.4,38,2,0.4,3.68,0.30106,1.9418,-0.10292,1.23178,-1.043,-0.403,1.93,4
2675,48371,48371,TX,PECOS,7,7,8,45.5,249,81.5,29,15,0.02,0.809,1.04559,2.93539,-0.43015,1.84789,0.92868,-1.92283,4.4,5
2676,48373,48373,TX,POLK,7,6,4,49.0,163,82.6,50,4,4.73,6.16,1.33513,0.34602,-0.42446,0.4103,-0.73966,0.90975,1.84,4
2677,48375,48375,TX,POTTER,7,3,2,36.0,216,78.7,38,5,1.37,4.918,0.2597,1.9418,-0.49553,1.23178,-0.588,0.25238,2.6,5
2678,48377,48377,TX,PRESIDIO,7,7,8,50.1,249,87.4,29,12,0.02,0.665,1.42613,2.93539,-1.62034,1.84789,0.47368,-1.99895,3.06,5
2679,48379,48379,TX,RAINS,7,8,4,44.1,163,85.0,50,4,10.36,6.943,0.92978,0.34602,-1.49181,0.4103,-0.73966,1.32423,0.78,4
2680,48381,48381,TX,RANDALL,7,3,2,36.0,216,78.7,38,5,0.87,4.465,0.2597,1.9418,-0.49553,1.23178,-0.588,0.01258,2.36,5
2681,48383,48383,TX,REAGAN,7,6,6,46.5,205,84.6,34,2,0.06,1.755,1.12832,1.6106,-1.17755,1.50561,-1.043,-1.42218,0.6,4
2682,48385,48385,TX,REAL,7,9,9,45.6,205,80.7,34,19,0.02,0.619,1.05387,1.6106,-0.20644,1.50561,1.53535,-2.02341,3.48,5
2683,48387,48387,TX,RED RIVER,7,6,6,43.0,163,82.3,50,4,0.7,4.252,0.83878,0.34602,-0.86058,0.4103,-0.73966,-0.10025,-0.11,3
2684,48389,48389,TX,REEVES,7,7,7,44.1,249,84.8,29,4,0.23,3.136,0.92978,2.93539,-1.43804,1.84789,-0.73966,-0.69101,2.84,5
2685,48391,48391,TX,REFUGIO,7,6,6,54.9,159,83.7,43,1,5.91,6.382,1.82321,0.22558,-0.21206,0.8895,-1.19466,1.02716,2.56,5
2686,48393,48393,TX,ROBERTS,7,9,9,34.6,216,79.5,38,5,0.01,0.079,0.14388,1.9418,-0.83122,1.23178,-0.588,-2.30933,-0.41,3
2687,48395,48395,TX,ROBERTSON,7,6,6,47.7,163,83.7,50,4,1.28,4.854,1.22759,0.34602,-0.8322,0.4103,-0.73966,0.21824,0.63,4
2688,48397,48397,TX,ROCKWALL,7,0,1,45.4,162,85.7,43,4,13.39,7.2,1.03732,0.31591,-1.56806,0.8895,-0.73966,1.45999,1.39,4
2689,48399,48399,TX,RUNNELS,7,6,6,44.3,200,83.8,37,4,0.26,3.244,0.94632,1.46005,-1.15193,1.30024,-0.73966,-0.63391,1.18,4
2690,48401,48401,TX,RUSK,7,6,5,47.5,163,82.2,50,9,1.6,5.078,1.21104,0.34602,-0.44611,0.4103,0.01867,0.3369,1.88,4
2691,48403,48403,TX,SABINE,7,9,9,47.1,163,82.6,50,4,14.97,7.312,1.17795,0.34602,-0.58811,0.4103,-0.73966,1.51925,2.13,4
2692,48405,48405,TX,SAN AUGUSTIN,7,9,9,47.1,163,82.6,50,4,10.86,6.991,1.17795,0.34602,-0.58811,0.4103,-0.73966,1.34937,1.96,4
2693,48407,48407,TX,SAN JACINTO,7,8,4,49.0,163,82.6,50,4,9.12,6.815,1.33513,0.34602,-0.42446,0.4103,-0.73966,1.25658,2.18,4
2694,48409,48409,TX,SAN PATRICIO,7,2,2,56.3,159,84.8,43,1,2.17,5.38,1.93903,0.22558,-0.38724,0.8895,-1.19466,0.49697,1.97,4
2695,48411,48411,TX,SAN SABA,7,7,8,45.8,205,83.5,34,10,0.33,3.503,1.07041,1.6106,-0.94207,1.50561,0.17034,-0.49688,2.92,5
2696,48413,48413,TX,SCHLEICHER,7,8,6,46.4,205,84.7,34,5,0.0,0.0,1.12005,1.6106,-1.21305,1.50561,-0.588,-2.35103,0.08,4
2697,48415,48415,TX,SCURRY,7,7,7,41.2,200,82.4,37,4,0.56,4.017,0.68987,1.46005,-1.04251,1.30024,-0.73966,-0.2247,1.44,4
2698,48417,48417,TX,SHACKELFORD,7,8,6,43.2,162,84.1,43,9,0.17,2.854,0.85532,0.31591,-1.32734,0.8895,0.01867,-0.84003,-0.09,3
2699,48419,48419,TX,SHELBY,7,7,8,47.9,163,82.5,50,9,4.84,6.182,1.24413,0.34602,-0.49232,0.4103,0.01867,0.92147,2.45,5
2700,48421,48421,TX,SHERMAN,7,9,9,34.1,216,79.3,38,2,0.02,0.55,0.10252,1.9418,-0.82051,1.23178,-1.043,-2.05998,-0.65,3
2701,48423,48423,TX,SMITH,7,3,2,46.2,163,83.5,50,4,2.22,5.401,1.1035,0.34602,-0.90762,0.4103,-0.73966,0.50807,0.72,4
2702,48425,48425,TX,SOMERVELL,7,8,4,46.7,162,84.6,43,5,2.46,5.507,1.14486,0.31591,-1.16032,0.8895,-0.588,0.56418,1.17,4
2703,48427,48427,TX,STARR,7,6,6,58.3,157,85.6,39,4,0.51,3.93,2.10448,0.16536,-0.43008,1.16332,-0.73966,-0.27059,1.99,4
2704,48429,48429,TX,STEPHENS,7,7,8,44.5,162,85.0,43,9,2.91,5.674,0.96287,0.31591,-1.45736,0.8895,0.01867,0.65235,1.38,4
2705,48431,48431,TX,STERLING,7,8,6,46.4,205,84.7,34,5,0.01,0.342,1.12005,1.6106,-1.21305,1.50561,-0.588,-2.17007,0.27,4
2706,48433,48433,TX,STONEWALL,7,9,9,42.1,200,84.3,37,5,0.17,2.83,0.76433,1.46005,-1.47586,1.30024,-0.588,-0.85283,0.61,4
2707,48435,48435,TX,SUTTON,7,7,8,47.3,205,83.0,34,5,0.04,1.466,1.1945,1.6106,-0.67844,1.50561,-0.588,-1.57508,1.47,4
2708,48437,48437,TX,SWISHER,7,6,6,38.3,216,78.9,38,2,0.03,1.021,0.44997,1.9418,-0.35121,1.23178,-1.043,-1.81066,0.42,4
2709,48439,48439,TX,TARRANT,7,0,1,44.8,162,84.8,43,5,3.79,5.938,0.98768,0.31591,-1.37775,0.8895,-0.588,0.7923,1.02,4
2710,48441,48441,TX,TAYLOR,7,3,2,43.7,200,83.9,37,9,0.4,3.679,0.89669,1.46005,-1.2305,1.30024,0.01867,-0.40376,2.04,4
2711,48443,48443,TX,TERRELL,7,9,9,50.1,249,87.4,29,15,0.0,0.0,1.42613,2.93539,-1.62034,1.84789,0.92868,-2.35103,3.17,5
2712,48445,48445,TX,TERRY,7,6,6,39.1,216,79.7,38,2,0.12,2.476,0.51615,1.9418,-0.49741,1.23178,-1.043,-1.04022,1.11,4
2713,48447,48447,TX,THROCKMORTON,7,9,9,42.7,162,84.9,43,4,0.34,3.532,0.81396,0.31591,-1.58551,0.8895,-0.73966,-0.48147,-0.79,3
2714,48449,48449,TX,TITUS,7,7,7,43.5,163,82.3,50,4,3.56,5.874,0.88014,0.34602,-0.81752,0.4103,-0.73966,0.75826,0.84,4
2715,48451,48451,TX,TOM GREEN,7,3,2,46.4,205,84.7,34,5,1.2,4.785,1.12005,1.6106,-1.21305,1.50561,-0.588,0.18182,2.62,5
2716,48453,48453,TX,TRAVIS,7,2,2,49.7,159,84.6,43,15,3.21,5.77,1.39304,0.22558,-0.90193,0.8895,0.92868,0.70351,3.24,5
2717,48455,48455,TX,TRINITY,7,7,8,48.8,163,83.0,50,4,2.96,5.691,1.31859,0.34602,-0.54924,0.4103,-0.73966,0.66171,1.45,4
2718,48457,48457,TX,TYLER,7,6,6,49.0,163,82.6,50,4,1.37,4.918,1.33513,0.34602,-0.42446,0.4103,-0.73966,0.25249,1.18,4
2719,48459,48459,TX,UPSHUR,7,3,2,45.2,163,82.6,50,4,0.84,4.435,1.02078,0.34602,-0.75176,0.4103,-0.73966,-0.00337,0.28,4
2720,48461,48461,TX,UPTON,7,8,6,46.5,205,84.6,34,10,0.01,0.253,1.12832,1.6106,-1.17755,1.50561,0.17034,-2.21693,1.02,4
2721,48463,48463,TX,UVALDE,7,7,7,50.8,205,84.9,34,19,0.13,2.581,1.48404,1.6106,-0.88785,1.50561,1.53535,-0.98457,4.26,5
2722,48465,48465,TX,VAL VERDE,7,5,7,50.8,205,86.7,34,19,1.92,5.257,1.48404,1.6106,-1.37183,1.50561,1.53535,0.43157,5.2,6
2723,48467,48467,TX,VAN ZANDT,7,6,4,44.1,163,85.0,50,9,1.25,4.829,0.92978,0.34602,-1.49181,0.4103,0.01867,0.20506,0.42,4
2724,48469,48469,TX,VICTORIA,7,3,2,53.5,146,84.4,64,1,0.7,4.25,1.7074,-0.16583,-0.52086,-0.5481,-1.19466,-0.10142,-0.82,3
2725,48471,48471,TX,WALKER,7,4,3,49.2,163,83.6,50,4,1.75,5.162,1.35168,0.34602,-0.67612,0.4103,-0.73966,0.38153,1.07,4
2726,48473,48473,TX,WALLER,7,1,1,53.0,163,84.0,50,4,0.94,4.543,1.66603,0.34602,-0.45637,0.4103,-0.73966,0.05351,1.28,4
2727,48475,48475,TX,WARD,7,6,6,44.1,249,84.8,29,2,0.03,1.096,0.92978,2.93539,-1.43804,1.84789,-1.043,-1.77106,1.46,4
2728,48477,48477,TX,WASHINGTON,7,6,5,49.5,159,84.0,43,4,1.95,5.273,1.3765,0.22558,-0.75783,0.8895,-0.73966,0.4403,1.43,4
2729,48479,48479,TX,WEBB,7,3,2,56.5,157,87.9,39,4,0.55,4.015,1.95557,0.16536,-1.20354,1.16332,-0.73966,-0.22598,1.12,4
2730,48481,48481,TX,WHARTON,7,6,3,54.0,146,84.2,64,1,0.39,3.671,1.74876,-0.16583,-0.42402,-0.5481,-1.19466,-0.40788,-0.99,3
2731,48483,48483,TX,WHEELER,7,9,9,39.1,200,82.9,37,5,0.12,2.504,0.51615,1.46005,-1.35782,1.30024,-0.588,-1.02539,0.31,4
2732,48485,48485,TX,WICHITA,7,3,2,41.5,200,85.8,37,4,0.85,4.437,0.71469,1.46005,-1.93086,1.30024,-0.73966,-0.0024,0.8,4
2733,48487,48487,TX,WILBARGER,7,6,5,42.3,200,85.7,37,4,0.72,4.275,0.78087,1.46005,-1.83507,1.30024,-0.73966,-0.08818,0.88,4
2734,48489,48489,TX,WILLACY,7,6,6,58.6,149,85.2,63,1,23.92,7.78,2.1293,-0.07551,-0.29669,-0.47965,-1.19466,1.76707,1.85,4
2735,48491,48491,TX,WILLIAMSON,7,2,2,47.8,162,84.6,43,5,1.07,4.67,1.23586,0.31591,-1.06558,0.8895,-0.588,0.12116,0.91,4
2736,48493,48493,TX,WILSON,7,1,1,53.0,159,85.2,43,4,0.18,2.893,1.66603,0.22558,-0.77903,0.8895,-0.73966,-0.81942,0.44,4
2737,48495,48495,TX,WINKLER,7,6,6,44.1,249,84.8,29,2,0.02,0.815,0.92978,2.93539,-1.43804,1.84789,-1.043,-1.91979,1.31,4
2738,48497,48497,TX,WISE,7,6,4,42.7,162,85.0,43,9,1.97,5.283,0.81396,0.31591,-1.6124,0.8895,0.01867,0.4453,0.87,4
2739,48499,48499,TX,WOOD,7,6,6,45.2,163,82.6,50,4,6.55,6.485,1.02078,0.34602,-0.75176,0.4103,-0.73966,1.08156,1.37,4
2740,48501,48501,TX,YOAKUM,7,7,8,42.2,216,80.1,38,2,0.0,0.0,0.7726,1.9418,-0.33795,1.23178,-1.043,-2.35103,0.21,4
2741,48503,48503,TX,YOUNG,7,7,8,42.2,162,84.5,43,9,0.91,4.515,0.7726,0.31591,-1.52102,0.8895,0.01867,0.03917,0.51,4
2742,48505,48505,TX,ZAPATA,7,6,6,56.5,157,87.9,39,4,5.8,6.362,1.95557,0.16536,-1.20354,1.16332,-0.73966,1.01688,2.36,5
2743,48507,48507,TX,ZAVALA,7,7,8,49.9,157,84.5,39,4,0.25,3.214,1.40959,0.16536,-0.85782,1.16332,-0.73966,-0.64952,0.49,4
358,13001,13001,GA,APPLING,5,7,8,51.1,178,81.1,74,2,0.66,4.187,1.50886,0.79765,0.15973,-1.23267,-1.043,-0.13487,0.06,4
359,13003,13003,GA,ATKINSON,5,9,9,50.0,174,80.2,78,2,1.75,5.164,1.41786,0.67722,0.30698,-1.5065,-1.043,0.38272,0.24,4
360,13005,13005,GA,BACON,5,7,8,50.3,178,80.7,74,1,0.34,3.524,1.44268,0.79765,0.19838,-1.23267,-1.19466,-0.48558,-0.47,3
361,13007,13007,GA,BAKER,5,8,6,52.2,174,82.1,78,1,1.7,5.138,1.59985,0.67722,-0.0144,-1.5065,-1.19466,0.36878,-0.07,3
362,13009,13009,GA,BALDWIN,5,4,5,45.3,171,79.8,69,13,3.37,5.821,1.02905,0.58689,0.00972,-0.89039,0.62534,0.73005,2.09,4
363,13011,13011,GA,BANKS,5,8,6,41.4,156,75.4,70,4,0.09,2.146,0.70642,0.13526,0.85688,-0.95884,-0.73966,-1.21501,-1.21,3
364,13013,13013,GA,BARROW,5,1,1,44.5,156,78.4,70,4,0.39,3.655,0.96287,0.13526,0.31724,-0.95884,-0.73966,-0.41604,-0.7,3
365,13015,13015,GA,BARTOW,5,1,1,43.1,138,79.0,67,15,2.27,5.426,0.84705,-0.40671,0.03533,-0.75347,0.92868,0.52103,1.17,4
366,13017,13017,GA,BEN HILL,5,7,8,51.1,174,81.9,78,4,0.87,4.466,1.50886,0.67722,-0.05537,-1.5065,-0.73966,0.01292,-0.1,3
367,13019,13019,GA,BERRIEN,5,7,8,50.0,174,80.2,78,4,1.16,4.755,1.41786,0.67722,0.30698,-1.5065,-0.73966,0.16618,0.32,4
368,13021,13021,GA,BIBB,5,2,2,47.8,171,81.4,69,13,2.03,5.311,1.23586,0.58689,-0.20516,-0.89039,0.62534,0.46045,1.81,4
369,13023,13023,GA,BLECKLEY,5,6,6,49.0,171,81.4,69,4,0.79,4.369,1.33513,0.58689,-0.10181,-0.89039,-0.73966,-0.03847,0.15,4
370,13025,13025,GA,BRANTLEY,5,9,9,51.9,178,81.1,74,1,0.67,4.212,1.57504,0.79765,0.22864,-1.23267,-1.19466,-0.12142,0.05,3
371,13027,13027,GA,BROOKS,5,7,8,52.2,174,80.8,78,4,0.82,4.406,1.59985,0.67722,0.33514,-1.5065,-0.73966,-0.01864,0.35,4
372,13029,13029,GA,BRYAN,5,2,2,49.5,178,80.0,74,1,2.81,5.639,1.3765,0.79765,0.31769,-1.23267,-1.19466,0.63389,0.7,4
373,13031,13031,GA,BULLOCH,5,6,5,50.0,173,80.5,72,2,0.92,4.519,1.41786,0.64711,0.22632,-1.09576,-1.043,0.04103,0.19,4
374,13033,13033,GA,BURKE,5,6,6,45.8,173,80.4,72,2,0.54,3.985,1.07041,0.64711,-0.10855,-1.09576,-1.043,-0.24177,-0.77,3
375,13035,13035,GA,BUTTS,5,6,4,45.1,171,79.3,69,13,1.79,5.187,1.0125,0.58689,0.12693,-0.89039,0.62534,0.39465,1.86,4
376,13037,13037,GA,CALHOUN,5,8,6,50.2,174,80.8,78,4,1.2,4.79,1.4344,0.67722,0.16288,-1.5065,-0.73966,0.18426,0.21,4
377,13039,13039,GA,CAMDEN,5,6,6,54.1,178,82.3,74,1,19.5,7.575,1.75703,0.79765,0.09547,-1.23267,-1.19466,1.65896,1.88,4
378,13043,13043,GA,CANDLER,5,7,8,50.0,173,80.5,72,4,0.74,4.309,1.41786,0.64711,0.22632,-1.09576,-0.73966,-0.07027,0.39,4
379,13045,13045,GA,CARROLL,5,1,1,43.1,158,77.8,70,5,0.91,4.512,0.84705,0.19547,0.35799,-0.95884,-0.588,0.03731,-0.11,3
380,13047,13047,GA,CATOOSA,5,2,2,40.2,138,78.8,67,14,0.27,3.298,0.60715,-0.40671,-0.16067,-0.75347,0.77701,-0.60546,-0.54,3
381,13049,13049,GA,CHARLTON,5,8,6,54.1,178,82.3,74,1,0.28,3.336,1.75703,0.79765,0.09547,-1.23267,-1.19466,-0.58533,-0.36,3
382,13051,13051,GA,CHATHAM,5,2,2,49.9,178,81.1,74,1,31.86,8.067,1.40959,0.79765,0.05637,-1.23267,-1.19466,1.91894,1.76,4
383,13053,13053,GA,CHATTAHOOCHE,5,2,2,46.9,158,80.6,70,4,0.95,4.555,1.16141,0.19547,-0.06758,-0.95884,-0.73966,0.06034,-0.35,3
384,13055,13055,GA,CHATTOOGA,5,7,8,41.1,138,78.7,67,14,0.07,1.947,0.6816,-0.40671,-0.05627,-0.75347,0.77701,-1.32045,-1.08,3
385,13057,13057,GA,CHEROKEE,5,1,1,41.5,156,76.5,70,15,2.37,5.467,0.71469,0.13526,0.56972,-0.95884,0.92868,0.5431,1.93,4
386,13059,13059,GA,CLARKE,5,3,2,44.5,156,78.4,70,4,0.38,3.636,0.96287,0.13526,0.31724,-0.95884,-0.73966,-0.42654,-0.71,3
387,13061,13061,GA,CLAY,5,9,9,50.2,174,80.8,78,4,10.04,6.912,1.4344,0.67722,0.16288,-1.5065,-0.73966,1.30769,1.34,4
388,13063,13063,GA,CLAYTON,5,0,1,42.4,158,78.0,70,4,1.14,4.733,0.78914,0.19547,0.24392,-0.95884,-0.73966,0.15445,-0.32,3
389,13065,13065,GA,CLINCH,5,7,8,52.2,174,80.8,78,1,1.81,5.196,1.59985,0.67722,0.33514,-1.5065,-1.19466,0.39937,0.31,4
390,13067,13067,GA,COBB,5,0,1,42.4,156,78.0,70,5,1.25,4.831,0.78914,0.13526,0.24392,-0.95884,-0.588,0.20642,-0.17,3
391,13069,13069,GA,COFFEE,5,7,7,50.1,174,80.8,78,2,0.59,4.076,1.42613,0.67722,0.15426,-1.5065,-1.043,-0.19348,-0.49,3
392,13071,13071,GA,COLQUITT,5,7,7,52.2,174,81.0,78,4,0.77,4.342,1.59985,0.67722,0.28136,-1.5065,-0.73966,-0.05239,0.26,4
393,13073,13073,GA,COLUMBIA,5,2,2,45.8,173,80.4,72,4,5.77,6.358,1.07041,0.64711,-0.10855,-1.09576,-0.73966,1.01443,0.79,4
394,13075,13075,GA,COOK,5,7,8,52.2,174,81.0,78,4,1.77,5.177,1.59985,0.67722,0.28136,-1.5065,-0.73966,0.38913,0.7,4
395,13077,13077,GA,COWETA,5,1,1,44.7,158,78.8,70,5,0.66,4.192,0.97941,0.19547,0.22692,-0.95884,-0.588,-0.13214,-0.28,3
396,13079,13079,GA,CRAWFORD,5,8,6,47.8,171,81.4,69,13,0.41,3.715,1.23586,0.58689,-0.20516,-0.89039,0.62534,-0.38472,0.97,4
397,13081,13081,GA,CRISP,5,6,5,49.6,174,81.4,78,4,2.62,5.57,1.38477,0.67722,-0.05013,-1.5065,-0.73966,0.5974,0.36,4
398,13083,13083,GA,DADE,5,2,2,40.9,138,77.9,67,16,0.1,2.336,0.66505,-0.40671,0.14161,-0.75347,1.08035,-1.11454,-0.39,3
399,13085,13085,GA,DAWSON,5,8,4,40.9,156,75.8,70,20,1.36,4.909,0.66505,0.13526,0.70626,-0.95884,1.68702,0.24767,2.48,5
400,13087,13087,GA,DECATUR,5,6,5,52.1,174,81.4,78,4,4.23,6.047,1.59158,0.67722,0.1652,-1.5065,-0.73966,0.85006,1.04,4
401,13089,13089,GA,DE KALB,5,0,1,42.4,156,78.0,70,5,0.98,4.583,0.78914,0.13526,0.24392,-0.95884,-0.588,0.07494,-0.3,3
402,13091,13091,GA,DODGE,5,7,8,49.0,171,81.4,69,4,0.51,3.925,1.33513,0.58689,-0.10181,-0.89039,-0.73966,-0.27313,-0.08,3
403,13093,13093,GA,DOOLY,5,6,6,49.6,174,81.4,78,4,1.06,4.659,1.38477,0.67722,-0.05013,-1.5065,-0.73966,0.11502,-0.12,3
404,13095,13095,GA,DOUGHERTY,5,3,2,50.7,174,81.8,78,1,1.49,5.003,1.47577,0.67722,-0.06294,-1.5065,-1.19466,0.29706,-0.31,3
405,13097,13097,GA,DOUGLAS,5,0,1,43.1,158,77.8,70,5,0.48,3.87,0.84705,0.19547,0.35799,-0.95884,-0.588,-0.30256,-0.45,3
406,13099,13099,GA,EARLY,5,6,6,50.4,174,80.7,78,4,0.97,4.579,1.45095,0.67722,0.20699,-1.5065,-0.73966,0.07285,0.16,4
407,13101,13101,GA,ECHOLS,5,9,9,52.2,174,80.8,78,1,3.96,5.982,1.59985,0.67722,0.33514,-1.5065,-1.19466,0.81534,0.73,4
408,13103,13103,GA,EFFINGHAM,5,2,2,50.0,173,80.5,72,1,0.7,4.254,1.41786,0.64711,0.22632,-1.09576,-1.19466,-0.09904,-0.1,3
409,13105,13105,GA,ELBERT,5,6,6,44.5,156,79.8,70,4,1.54,5.039,0.96287,0.13526,-0.05919,-0.95884,-0.73966,0.3163,-0.34,3
410,13107,13107,GA,EMANUEL,5,7,8,48.2,173,81.1,72,4,0.64,4.161,1.26895,0.64711,-0.09005,-1.09576,-0.73966,-0.14819,-0.16,3
411,13109,13109,GA,EVANS,5,8,6,51.1,178,81.1,74,2,1.01,4.611,1.50886,0.79765,0.15973,-1.23267,-1.043,0.08978,0.28,4
412,13111,13111,GA,FANNIN,5,9,9,37.8,156,72.9,70,20,1.45,4.979,0.40861,0.13526,1.219,-0.95884,1.68702,0.28465,2.78,5
413,13113,13113,GA,FAYETTE,5,1,1,44.7,158,78.8,70,4,0.94,4.542,0.97941,0.19547,0.22692,-0.95884,-0.73966,0.05303,-0.24,3
414,13115,13115,GA,FLOYD,5,4,3,41.1,138,78.7,67,14,1.0,4.61,0.6816,-0.40671,-0.05627,-0.75347,0.77701,0.08922,0.33,4
415,13117,13117,GA,FORSYTH,5,1,1,42.1,156,77.3,70,5,8.72,6.771,0.76433,0.13526,0.4063,-0.95884,-0.588,1.23323,0.99,4
416,13119,13119,GA,FRANKLIN,5,8,6,44.5,156,79.8,70,4,1.15,4.744,0.96287,0.13526,-0.05919,-0.95884,-0.73966,0.16007,-0.5,3
417,13121,13121,GA,FULTON,5,0,1,42.4,156,78.0,70,5,1.1,4.704,0.78914,0.13526,0.24392,-0.95884,-0.588,0.13888,-0.24,3
418,13123,13123,GA,GILMER,5,8,4,41.5,156,76.5,70,20,1.19,4.779,0.71469,0.13526,0.56972,-0.95884,1.68702,0.17886,2.33,4
419,13125,13125,GA,GLASCOCK,5,9,9,46.4,173,79.8,72,4,0.18,2.89,1.12005,0.64711,0.10446,-1.09576,-0.73966,-0.82109,-0.78,3
420,13127,13127,GA,GLYNN,5,5,7,54.1,178,82.3,74,1,27.55,7.921,1.75703,0.79765,0.09547,-1.23267,-1.19466,1.84205,2.06,4
421,13129,13129,GA,GORDON,5,6,4,40.9,138,78.2,67,9,0.69,4.239,0.66505,-0.40671,0.06095,-0.75347,0.01867,-0.1071,-0.52,3
422,13131,13131,GA,GRADY,5,6,6,52.6,174,80.7,78,4,0.48,3.876,1.63294,0.67722,0.39648,-1.5065,-0.73966,-0.2994,0.16,4
423,13133,13133,GA,GREENE,5,6,6,45.8,171,79.7,69,13,4.41,6.089,1.07041,0.58689,0.07967,-0.89039,0.62534,0.87194,2.34,5
424,13135,13135,GA,GWINNETT,5,0,1,42.4,156,78.0,70,5,0.89,4.487,0.78914,0.13526,0.24392,-0.95884,-0.588,0.02404,-0.35,3
425,13137,13137,GA,HABERSHAM,5,7,8,41.4,156,75.4,70,15,0.36,3.588,0.70642,0.13526,0.85688,-0.95884,0.92868,-0.45158,1.22,4
426,13139,13139,GA,HALL,5,6,3,42.1,156,77.3,70,5,8.28,6.719,0.76433,0.13526,0.4063,-0.95884,-0.588,1.20564,0.96,4
427,13141,13141,GA,HANCOCK,5,9,9,45.3,171,79.8,69,13,1.14,4.738,1.02905,0.58689,0.00972,-0.89039,0.62534,0.15716,1.52,4
428,13143,13143,GA,HARALSON,5,6,4,42.3,158,76.5,70,5,0.36,3.584,0.78087,0.19547,0.63863,-0.95884,-0.588,-0.45386,-0.39,3
429,13145,13145,GA,HARRIS,5,2,2,46.2,158,79.6,70,4,1.95,5.273,1.1035,0.19547,0.14101,-0.95884,-0.73966,0.44002,0.18,4
430,13147,13147,GA,HART,5,6,6,44.5,156,79.8,70,4,9.44,6.85,0.96287,0.13526,-0.05919,-0.95884,-0.73966,1.27509,0.62,4
431,13149,13149,GA,HEARD,5,8,4,44.7,158,78.8,70,5,1.68,5.122,0.97941,0.19547,0.22692,-0.95884,-0.588,0.36039,0.22,4
432,13151,13151,GA,HENRY,5,1,1,44.3,158,78.6,70,4,0.56,4.021,0.94632,0.19547,0.24624,-0.95884,-0.73966,-0.22233,-0.53,3
433,13153,13153,GA,HOUSTON,5,2,2,47.8,171,81.4,69,4,0.81,4.395,1.23586,0.58689,-0.20516,-0.89039,-0.73966,-0.02434,-0.04,3
434,13155,13155,GA,IRWIN,5,7,8,51.1,174,81.9,78,4,1.63,5.095,1.50886,0.67722,-0.05537,-1.5065,-0.73966,0.34594,0.23,4
435,13157,13157,GA,JACKSON,5,6,6,42.1,156,77.3,70,4,0.18,2.911,0.76433,0.13526,0.4063,-0.95884,-0.73966,-0.81037,-1.2,3
436,13159,13159,GA,JASPER,5,8,4,45.1,171,79.3,69,13,0.84,4.431,1.0125,0.58689,0.12693,-0.89039,0.62534,-0.00532,1.46,4
437,13161,13161,GA,JEFF DAVIS,5,7,8,51.1,174,81.9,78,2,0.61,4.108,1.50886,0.67722,-0.05537,-1.5065,-1.043,-0.17661,-0.6,3
438,13163,13163,GA,JEFFERSON,5,8,6,48.2,173,81.1,72,4,0.36,3.585,1.26895,0.64711,-0.09005,-1.09576,-0.73966,-0.45317,-0.46,3
439,13165,13165,GA,JENKINS,5,7,8,49.0,173,81.0,72,2,0.75,4.316,1.33513,0.64711,0.00574,-1.09576,-1.043,-0.06633,-0.22,3
440,13167,13167,GA,JOHNSON,5,9,9,48.3,171,81.3,69,4,0.69,4.236,1.27722,0.58689,-0.13521,-0.89039,-0.73966,-0.10853,-0.01,3
441,13169,13169,GA,JONES,5,2,2,45.3,171,79.8,69,13,0.41,3.719,1.02905,0.58689,0.00972,-0.89039,0.62534,-0.38241,0.98,4
442,13171,13171,GA,LAMAR,5,6,4,44.3,158,78.6,70,4,0.52,3.955,0.94632,0.19547,0.24624,-0.95884,-0.73966,-0.2574,-0.57,3
443,13173,13173,GA,LANIER,5,9,9,52.2,174,81.0,78,1,6.52,6.479,1.59985,0.67722,0.28136,-1.5065,-1.19466,1.07873,0.94,4
444,13175,13175,GA,LAURENS,5,6,5,48.3,171,81.3,69,4,0.72,4.283,1.27722,0.58689,-0.13521,-0.89039,-0.73966,-0.08396,0.01,3
445,13177,13177,GA,LEE,5,3,2,50.7,174,81.8,78,4,1.72,5.148,1.47577,0.67722,-0.06294,-1.5065,-0.73966,0.37401,0.22,4
446,13179,13179,GA,LIBERTY,5,4,5,51.4,178,81.5,74,1,13.85,7.233,1.53367,0.79765,0.07802,-1.23267,-1.19466,1.47795,1.46,4
447,13181,13181,GA,LINCOLN,5,8,6,44.1,156,78.9,70,4,17.95,7.493,0.92978,0.13526,0.14835,-0.95884,-0.73966,1.61534,1.13,4
448,13183,13183,GA,LONG,5,9,9,51.4,178,81.5,74,2,0.62,4.122,1.53367,0.79765,0.07802,-1.23267,-1.043,-0.16889,-0.04,3
449,13185,13185,GA,LOWNDES,5,5,7,52.2,174,80.8,78,2,1.25,4.831,1.59985,0.67722,0.33514,-1.5065,-1.043,0.20618,0.27,4
450,13187,13187,GA,LUMPKIN,5,7,8,40.9,156,75.8,70,20,0.14,2.642,0.66505,0.13526,0.70626,-0.95884,1.68702,-0.95254,1.28,4
451,13189,13189,GA,MC DUFFIE,5,2,2,46.4,173,79.8,72,13,2.45,5.502,1.12005,0.64711,0.10446,-1.09576,0.62534,0.56143,1.96,4
452,13191,13191,GA,MC INTOSH,5,9,9,54.1,178,82.3,74,1,24.58,7.807,1.75703,0.79765,0.09547,-1.23267,-1.19466,1.78168,2.0,4
453,13193,13193,GA,MACON,5,6,6,46.9,158,80.6,70,4,0.66,4.186,1.16141,0.19547,-0.06758,-0.95884,-0.73966,-0.13516,-0.54,3
454,13195,13195,GA,MADISON,5,3,2,44.5,156,79.8,70,4,0.41,3.704,0.96287,0.13526,-0.05919,-0.95884,-0.73966,-0.39026,-1.05,3
455,13197,13197,GA,MARION,5,8,6,47.0,158,78.6,70,4,0.13,2.549,1.16968,0.19547,0.47879,-0.95884,-0.73966,-1.002,-0.86,3
456,13199,13199,GA,MERIWETHER,5,6,4,45.6,158,79.0,70,4,0.4,3.693,1.05387,0.19547,0.25066,-0.95884,-0.73966,-0.39615,-0.59,3
457,13201,13201,GA,MILLER,5,9,9,52.2,174,82.1,78,1,0.24,3.162,1.59985,0.67722,-0.0144,-1.5065,-1.19466,-0.67736,-1.12,3
458,13205,13205,GA,MITCHELL,5,6,6,52.2,174,82.1,78,4,0.35,3.567,1.59985,0.67722,-0.0144,-1.5065,-0.73966,-0.46273,-0.45,3
459,13207,13207,GA,MONROE,5,6,6,45.3,171,79.8,69,13,0.55,3.999,1.02905,0.58689,0.00972,-0.89039,0.62534,-0.23417,1.13,4
460,13209,13209,GA,MONTGOMERY,5,9,7,48.3,171,81.3,69,4,0.8,4.388,1.27722,0.58689,-0.13521,-0.89039,-0.73966,-0.02844,0.07,4
461,13211,13211,GA,MORGAN,5,6,4,45.8,171,79.7,69,4,1.4,4.941,1.07041,0.58689,0.07967,-0.89039,-0.73966,0.26428,0.37,4
462,13213,13213,GA,MURRAY,5,7,8,40.9,138,78.2,67,20,0.71,4.261,0.66505,-0.40671,0.06095,-0.75347,1.68702,-0.09526,1.16,4
463,13215,13215,GA,MUSCOGEE,5,2,2,46.9,158,80.6,70,4,2.13,5.362,1.16141,0.19547,-0.06758,-0.95884,-0.73966,0.48718,0.08,4
464,13217,13217,GA,NEWTON,5,1,1,44.1,171,79.0,69,13,0.99,4.594,0.92978,0.58689,0.12146,-0.89039,0.62534,0.08055,1.45,4
465,13219,13219,GA,OCONEE,5,3,2,44.5,156,78.4,70,4,0.2,3.016,0.96287,0.13526,0.31724,-0.95884,-0.73966,-0.75443,-1.04,3
466,13221,13221,GA,OGLETHORPE,5,8,6,44.1,156,78.9,70,4,0.24,3.177,0.92978,0.13526,0.14835,-0.95884,-0.73966,-0.66939,-1.15,3
467,13223,13223,GA,PAULDING,5,1,1,43.1,138,78.7,67,15,0.49,3.883,0.84705,-0.40671,0.116,-0.75347,0.92868,-0.29573,0.44,4
468,13225,13225,GA,PEACH,5,2,2,47.8,171,81.4,69,4,0.26,3.248,1.23586,0.58689,-0.20516,-0.89039,-0.73966,-0.63155,-0.64,3
469,13227,13227,GA,PICKENS,5,1,1,41.5,156,76.5,70,20,0.28,3.329,0.71469,0.13526,0.56972,-0.95884,1.68702,-0.58865,1.56,4
470,13229,13229,GA,PIERCE,5,7,7,51.9,178,81.1,74,1,0.19,2.924,1.57504,0.79765,0.22864,-1.23267,-1.19466,-0.80304,-0.63,3
471,13231,13231,GA,PIKE,5,8,4,44.3,158,78.6,70,4,0.46,3.839,0.94632,0.19547,0.24624,-0.95884,-0.73966,-0.31888,-0.63,3
472,13233,13233,GA,POLK,5,6,4,43.1,138,78.7,67,15,0.32,3.457,0.84705,-0.40671,0.116,-0.75347,0.92868,-0.52122,0.21,4
473,13235,13235,GA,PULASKI,5,6,6,48.6,171,81.1,69,4,0.99,4.594,1.30204,0.58689,-0.0556,-0.89039,-0.73966,0.08056,0.28,4
474,13237,13237,GA,PUTNAM,5,6,6,45.1,171,79.3,69,13,4.48,6.105,1.0125,0.58689,0.12693,-0.89039,0.62534,0.88056,2.34,5
475,13239,13239,GA,QUITMAN,5,9,9,50.2,174,80.8,78,4,5.83,6.368,1.4344,0.67722,0.16288,-1.5065,-0.73966,1.01979,1.05,4
476,13241,13241,GA,RABUN,5,9,9,41.1,156,73.9,70,20,1.58,5.06,0.6816,0.13526,1.23436,-0.95884,1.68702,0.32732,3.11,5
477,13243,13243,GA,RANDOLPH,5,7,8,49.0,174,80.4,78,4,0.38,3.639,1.33513,0.67722,0.16707,-1.5065,-0.73966,-0.4247,-0.49,3
478,13245,13245,GA,RICHMOND,5,2,2,45.8,173,80.4,72,4,1.35,4.904,1.07041,0.64711,-0.10855,-1.09576,-0.73966,0.24496,0.02,3
479,13247,13247,GA,ROCKDALE,5,1,1,44.1,171,79.0,69,4,1.08,4.684,0.92978,0.58689,0.12146,-0.89039,-0.73966,0.12852,0.14,4
480,13249,13249,GA,SCHLEY,5,9,9,46.9,158,80.6,70,4,0.13,2.527,1.16141,0.19547,-0.06758,-0.95884,-0.73966,-1.01352,-1.42,3
481,13251,13251,GA,SCREVEN,5,6,6,49.0,173,81.0,72,2,1.08,4.686,1.33513,0.64711,0.00574,-1.09576,-1.043,0.12957,-0.02,3
482,13253,13253,GA,SEMINOLE,5,6,6,52.1,174,81.4,78,1,7.22,6.582,1.59158,0.67722,0.1652,-1.5065,-1.19466,1.13324,0.87,4
483,13255,13255,GA,SPALDING,5,1,1,44.3,158,78.6,70,4,0.82,4.409,0.94632,0.19547,0.24624,-0.95884,-0.73966,-0.01734,-0.33,3
484,13257,13257,GA,STEPHENS,5,7,8,44.0,156,77.9,70,5,2.7,5.598,0.9215,0.13526,0.40862,-0.95884,-0.588,0.61197,0.53,4
485,13259,13259,GA,STEWART,5,8,6,49.0,174,80.4,78,4,0.98,4.581,1.33513,0.67722,0.16707,-1.5065,-0.73966,0.07365,0.01,3
486,13261,13261,GA,SUMTER,5,6,5,49.0,174,80.4,78,4,1.47,4.993,1.33513,0.67722,0.16707,-1.5065,-0.73966,0.292,0.23,4
487,13263,13263,GA,TALBOT,5,8,6,47.0,158,78.6,70,13,0.39,3.657,1.16968,0.19547,0.47879,-0.95884,0.62534,-0.41507,1.1,4
488,13265,13265,GA,TALIAFERRO,5,9,9,45.8,171,79.7,69,13,0.04,1.409,1.07041,0.58689,0.07967,-0.89039,0.62534,-1.60511,-0.13,3
489,13267,13267,GA,TATTNALL,5,7,8,51.1,178,81.1,74,4,0.93,4.528,1.50886,0.79765,0.15973,-1.23267,-0.73966,0.04582,0.54,4
490,13269,13269,GA,TAYLOR,5,8,6,46.9,158,80.6,70,4,0.57,4.046,1.16141,0.19547,-0.06758,-0.95884,-0.73966,-0.20941,-0.62,3
491,13271,13271,GA,TELFAIR,5,7,8,49.6,174,81.4,78,4,0.66,4.196,1.38477,0.67722,-0.05013,-1.5065,-0.73966,-0.12989,-0.36,3
492,13273,13273,GA,TERRELL,5,6,6,49.0,174,80.4,78,4,0.64,4.163,1.33513,0.67722,0.16707,-1.5065,-0.73966,-0.14735,-0.21,3
493,13275,13275,GA,THOMAS,5,6,5,52.2,174,80.6,78,4,0.67,4.202,1.59985,0.67722,0.38891,-1.5065,-0.73966,-0.12664,0.29,4
494,13277,13277,GA,TIFT,5,7,7,49.8,174,80.4,78,4,1.39,4.935,1.40131,0.67722,0.23598,-1.5065,-0.73966,0.26135,0.33,4
495,13279,13279,GA,TOOMBS,5,7,7,51.1,178,81.1,74,4,0.53,3.963,1.50886,0.79765,0.15973,-1.23267,-0.73966,-0.25319,0.24,4
496,13281,13281,GA,TOWNS,5,9,9,37.8,156,72.9,70,20,3.11,5.741,0.40861,0.13526,1.219,-0.95884,1.68702,0.68776,3.18,5
497,13283,13283,GA,TREUTLEN,5,7,8,48.3,171,81.3,69,4,0.74,4.3,1.27722,0.58689,-0.13521,-0.89039,-0.73966,-0.07499,0.02,3
498,13285,13285,GA,TROUP,5,4,3,45.6,158,79.0,70,4,7.18,6.577,1.05387,0.19547,0.25066,-0.95884,-0.73966,1.13046,0.93,4
499,13287,13287,GA,TURNER,5,7,8,51.1,174,81.9,78,4,1.31,4.873,1.50886,0.67722,-0.05537,-1.5065,-0.73966,0.22859,0.11,4
500,13289,13289,GA,TWIGGS,5,2,2,47.8,171,81.4,69,4,0.7,4.252,1.23586,0.58689,-0.20516,-0.89039,-0.73966,-0.10014,-0.11,3
501,13291,13291,GA,UNION,5,9,9,37.8,156,72.9,70,20,1.97,5.282,0.40861,0.13526,1.219,-0.95884,1.68702,0.44517,2.94,5
502,13293,13293,GA,UPSON,5,7,8,47.0,158,78.6,70,13,0.65,4.179,1.16968,0.19547,0.47879,-0.95884,0.62534,-0.13884,1.37,4
503,13295,13295,GA,WALKER,5,2,2,40.9,138,77.9,67,16,0.1,2.31,0.66505,-0.40671,0.14161,-0.75347,1.08035,-1.12833,-0.4,3
504,13297,13297,GA,WALTON,5,1,1,44.5,156,78.4,70,4,0.25,3.2,0.96287,0.13526,0.31724,-0.95884,-0.73966,-0.65697,-0.94,3
505,13299,13299,GA,WARE,5,7,7,51.9,178,81.1,74,1,0.44,3.792,1.57504,0.79765,0.22864,-1.23267,-1.19466,-0.34382,-0.17,3
506,13301,13301,GA,WARREN,5,8,6,46.4,173,79.8,72,13,0.43,3.751,1.12005,0.64711,0.10446,-1.09576,0.62534,-0.36571,1.04,4
507,13303,13303,GA,WASHINGTON,5,7,8,45.3,171,79.8,69,4,0.58,4.058,1.02905,0.58689,0.00972,-0.89039,-0.73966,-0.20297,-0.21,3
508,13305,13305,GA,WAYNE,5,7,8,51.1,178,81.1,74,1,0.63,4.149,1.50886,0.79765,0.15973,-1.23267,-1.19466,-0.15503,-0.12,3
509,13307,13307,GA,WEBSTER,5,8,6,49.0,174,80.4,78,4,0.34,3.533,1.33513,0.67722,0.16707,-1.5065,-0.73966,-0.48063,-0.55,3
510,13309,13309,GA,WHEELER,5,9,9,48.3,171,81.3,69,4,0.81,4.39,1.27722,0.58689,-0.13521,-0.89039,-0.73966,-0.02733,0.07,4
511,13311,13311,GA,WHITE,5,9,9,40.9,156,75.8,70,20,0.23,3.141,0.66505,0.13526,0.70626,-0.95884,1.68702,-0.68845,1.55,4
512,13313,13313,GA,WHITFIELD,5,4,5,40.9,138,78.2,67,14,0.23,3.123,0.66505,-0.40671,0.06095,-0.75347,0.77701,-0.69811,-0.36,3
513,13315,13315,GA,WILCOX,5,9,9,49.6,174,81.4,78,4,0.77,4.34,1.38477,0.67722,-0.05013,-1.5065,-0.73966,-0.05375,-0.29,3
514,13317,13317,GA,WILKES,5,6,6,44.1,156,78.9,70,13,0.55,4.012,0.92978,0.13526,0.14835,-0.95884,0.62534,-0.22719,0.65,4
515,13319,13319,GA,WILKINSON,5,8,6,47.8,171,81.4,69,13,1.2,4.79,1.23586,0.58689,-0.20516,-0.89039,0.62534,0.18471,1.54,4
516,13321,13321,GA,WORTH,5,6,6,49.8,174,80.4,78,4,0.83,4.423,1.40131,0.67722,0.23598,-1.5065,-0.73966,-0.00966,0.06,4
2787,51001,51001,VA,ACCOMACK,5,7,8,36.2,174,76.2,72,1,65.3,8.784,0.27624,0.67722,0.19389,-1.09576,-1.19466,2.2988,1.16,4
2788,51003,51003,VA,ALBEMARLE,5,3,2,36.0,153,77.1,71,16,0.47,3.858,0.2597,0.04493,-0.06533,-1.0273,1.08035,-0.30866,-0.02,3
2789,51005,51005,VA,ALLEGHANY,5,6,6,31.6,152,70.2,64,20,0.23,3.13,-0.10429,0.01482,1.41097,-0.5481,1.68702,-0.69397,1.77,4
2790,51007,51007,VA,AMELIA,5,8,6,38.3,155,77.4,72,4,0.49,3.882,0.44997,0.10515,0.05211,-1.09576,-0.73966,-0.29607,-1.52,3
2791,51009,51009,VA,AMHERST,5,3,2,36.1,153,74.9,71,16,0.74,4.306,0.26797,0.04493,0.53482,-1.0273,1.08035,-0.0717,0.83,4
2792,51011,51011,VA,APPOMATTOX,5,8,6,36.6,153,75.8,71,10,0.31,3.446,0.30933,0.04493,0.3359,-1.0273,0.17034,-0.52706,-0.69,3
2793,51013,51013,VA,ARLINGTON,5,0,1,35.6,149,78.7,70,5,0.46,3.828,0.22661,-0.07551,-0.52999,-0.95884,-0.588,-0.32496,-2.25,2
2794,51015,51015,VA,AUGUSTA,5,4,5,34.0,152,73.8,64,16,0.06,1.779,0.09425,0.01482,0.64971,-0.5481,1.08035,-1.40939,-0.12,3
2795,51017,51017,VA,BATH,5,9,9,31.6,152,70.2,64,20,0.51,3.929,-0.10429,0.01482,1.41097,-0.5481,1.68702,-0.271,2.19,4
2796,51019,51019,VA,BEDFORD,5,3,2,37.9,153,75.8,71,16,1.89,5.24,0.41688,0.04493,0.44787,-1.0273,1.08035,0.42251,1.39,4
2797,51021,51021,VA,BLAND,5,9,9,31.5,116,67.4,68,16,0.02,0.514,-0.11257,-1.06911,2.15522,-0.82193,1.08035,-2.07877,-0.85,3
2798,51023,51023,VA,BOTETOURT,5,3,2,37.3,152,75.7,64,16,0.6,4.096,0.36724,0.01482,0.42308,-0.5481,1.08035,-0.18306,1.15,4
2799,51025,51025,VA,BRUNSWICK,5,8,6,38.3,155,77.4,72,4,0.57,4.038,0.44997,0.10515,0.05211,-1.09576,-0.73966,-0.21342,-1.44,3
2800,51027,51027,VA,BUCHANAN,5,9,9,34.4,116,73.3,68,20,0.0,0.0,0.12734,-1.06911,0.81861,-0.82193,1.68702,-2.35103,-1.61,3
2801,51029,51029,VA,BUCKINGHAM,5,8,6,37.4,155,75.6,72,10,0.46,3.834,0.37552,0.10515,0.45858,-1.09576,0.17034,-0.32134,-0.31,3
2802,51031,51031,VA,CAMPBELL,5,3,2,36.6,153,75.8,71,10,0.57,4.035,0.30933,0.04493,0.3359,-1.0273,0.17034,-0.21509,-0.38,3
2803,51033,51033,VA,CAROLINE,5,8,4,37.5,155,77.5,72,4,1.17,4.763,0.38379,0.10515,-0.04368,-1.09576,-0.73966,0.17015,-1.22,3
2804,51035,51035,VA,CARROLL,5,7,8,34.4,116,71.3,68,20,0.27,3.287,0.12734,-1.06911,1.35637,-0.82193,1.68702,-0.61125,0.67,4
2805,51036,51036,VA,CHARLES CITY,5,2,2,40.5,174,79.1,72,4,10.51,6.958,0.63196,0.67722,-0.2155,-1.09576,-0.73966,1.33186,0.59,4
2806,51037,51037,VA,CHARLOTTE,5,8,6,38.3,153,77.4,71,4,0.51,3.93,0.44997,0.04493,0.05211,-1.0273,-0.73966,-0.27085,-1.49,3
2807,51041,51041,VA,CHESTERFIELD,5,2,2,37.5,155,77.9,72,4,2.92,5.678,0.38379,0.10515,-0.15123,-1.09576,-0.73966,0.65433,-0.84,3
2808,51043,51043,VA,CLARKE,5,1,1,34.1,149,76.6,70,4,0.88,4.479,0.10252,-0.07551,-0.09453,-0.95884,-0.73966,0.01963,-1.75,3
2809,51045,51045,VA,CRAIG,5,8,6,35.0,152,72.7,64,16,0.0,0.0,0.17697,0.01482,1.03161,-0.5481,1.08035,-2.35103,-0.6,3
2810,51047,51047,VA,CULPEPER,5,1,1,35.3,149,76.4,70,10,0.3,3.404,0.20179,-0.07551,0.0626,-0.95884,0.17034,-0.54924,-1.15,3
2811,51049,51049,VA,CUMBERLAND,5,8,6,38.0,155,76.8,72,4,0.41,3.722,0.42515,0.10515,0.1876,-1.09576,-0.73966,-0.38057,-1.5,3
2812,51051,51051,VA,DICKENSON,5,9,9,34.4,116,73.0,68,20,0.57,4.045,0.12734,-1.06911,0.89927,-0.82193,1.68702,-0.21006,0.61,4
2813,51053,51053,VA,DINWIDDIE,5,2,2,38.3,155,77.4,72,4,0.68,4.223,0.44997,0.10515,0.05211,-1.09576,-0.73966,-0.11539,-1.34,3
2814,51057,51057,VA,ESSEX,5,8,4,37.5,174,77.5,72,4,9.84,6.892,0.38379,0.67722,-0.04368,-1.09576,-0.73966,1.29709,0.48,4
2815,51059,51059,VA,FAIRFAX,5,0,1,35.6,149,78.7,70,5,2.71,5.602,0.22661,-0.07551,-0.52999,-0.95884,-0.588,0.61413,-1.31,3
2816,51061,51061,VA,FAUQUIER,5,1,1,32.1,149,75.3,70,10,0.23,3.149,-0.06293,-0.07551,0.08275,-0.95884,0.17034,-0.68399,-1.53,3
2817,51063,51063,VA,FLOYD,5,8,6,34.2,116,71.1,68,20,0.0,0.0,0.11079,-1.06911,1.39292,-0.82193,1.68702,-2.35103,-1.05,3
2818,51065,51065,VA,FLUVANNA,5,3,2,35.8,155,76.8,72,10,0.96,4.569,0.24315,0.10515,-0.00189,-1.09576,0.17034,0.06768,-0.51,3
2819,51067,51067,VA,FRANKLIN,5,6,6,37.4,153,76.5,71,20,2.74,5.612,0.37552,0.04493,0.21658,-1.0273,1.68702,0.61974,1.92,4
2820,51069,51069,VA,FREDERICK,5,4,3,33.7,149,75.6,70,16,0.25,3.235,0.06943,-0.07551,0.13989,-0.95884,1.08035,-0.63849,-0.38,3
2821,51071,51071,VA,GILES,5,9,9,35.7,116,74.3,68,16,0.85,4.443,0.23488,-1.06911,0.6617,-0.82193,1.08035,9.5E-4,0.09,4
2822,51073,51073,VA,GLOUCESTER,5,1,1,39.3,174,77.5,72,4,24.8,7.816,0.53269,0.67722,0.11135,-1.09576,-0.73966,1.78631,1.27,4
2823,51075,51075,VA,GOOCHLAND,5,2,2,35.8,155,76.8,72,4,1.92,5.256,0.24315,0.10515,-0.00189,-1.09576,-0.73966,0.4312,-1.06,3
2824,51077,51077,VA,GRAYSON,5,9,8,34.4,116,71.3,68,20,0.73,4.292,0.12734,-1.06911,1.35637,-0.82193,1.68702,-0.07915,1.2,4
2825,51079,51079,VA,GREENE,5,3,2,36.0,149,77.1,70,16,0.24,3.16,0.2597,-0.07551,-0.06533,-0.95884,1.08035,-0.67833,-0.44,3
2826,51081,51081,VA,GREENSVILLE,5,6,6,39.7,174,77.6,72,4,0.47,3.859,0.56578,0.67722,0.11892,-1.09576,-0.73966,-0.30849,-0.78,3
2827,51083,51083,VA,HALIFAX,5,6,6,39.3,153,77.9,71,14,1.24,4.818,0.53269,0.04493,0.0038,-1.0273,0.77701,0.19915,0.53,4
2828,51085,51085,VA,HANOVER,5,2,2,37.5,155,77.9,72,4,0.28,3.349,0.38379,0.10515,-0.15123,-1.09576,-0.73966,-0.57826,-2.08,3
2829,51087,51087,VA,HENRICO,5,2,2,37.5,155,77.9,72,4,2.48,5.512,0.38379,0.10515,-0.15123,-1.09576,-0.73966,0.56643,-0.93,3
2830,51089,51089,VA,HENRY,5,4,5,37.1,153,75.6,71,10,0.53,3.968,0.3507,0.04493,0.43274,-1.0273,0.17034,-0.25084,-0.28,3
2831,51091,51091,VA,HIGHLAND,5,9,9,28.6,152,67.6,64,20,0.0,0.0,-0.35247,0.01482,1.85166,-0.5481,1.68702,-2.35103,0.3,4
2832,51093,51093,VA,ISLE OF WIGH,5,1,1,39.7,174,77.6,72,1,12.93,7.165,0.56578,0.67722,0.11892,-1.09576,-1.19466,1.44145,0.51,4
2833,51095,51095,VA,JAMES CITY,5,0,1,39.3,174,77.5,72,4,19.6,7.581,0.53269,0.67722,0.11135,-1.09576,-0.73966,1.66174,1.15,4
2834,51097,51097,VA,KING AND QUE,5,8,4,37.5,174,77.5,72,4,3.09,5.732,0.38379,0.67722,-0.04368,-1.09576,-0.73966,0.68311,-0.13,3
2835,51099,51099,VA,KING GEORGE,5,1,1,35.4,174,76.9,72,4,4.15,6.028,0.21006,0.67722,-0.06323,-1.09576,-0.73966,0.8397,-0.17,3
2836,51101,51101,VA,KING WILLIAM,5,6,6,37.5,174,77.5,72,4,3.58,5.88,0.38379,0.67722,-0.04368,-1.09576,-0.73966,0.76141,-0.06,3
2837,51103,51103,VA,LANCASTER,5,9,9,38.6,174,77.9,72,4,42.45,8.353,0.47479,0.67722,-0.05649,-1.09576,-0.73966,2.0708,1.33,4
2838,51105,51105,VA,LEE,5,9,9,34.4,116,73.0,68,16,0.04,1.469,0.12734,-1.06911,0.89927,-0.82193,1.08035,-1.57348,-1.36,3
2839,51107,51107,VA,LOUDOUN,5,1,1,34.1,149,76.6,70,16,0.23,3.153,0.10252,-0.07551,-0.09453,-0.95884,1.08035,-0.68193,-0.63,3
2840,51109,51109,VA,LOUISA,5,8,6,36.1,155,76.2,72,4,2.61,5.565,0.26797,0.10515,0.18528,-1.09576,-0.73966,0.59479,-0.68,3
2841,51111,51111,VA,LUNENBURG,5,9,9,38.3,155,77.4,72,4,0.14,2.663,0.44997,0.10515,0.05211,-1.09576,-0.73966,-0.94142,-2.17,3
2842,51113,51113,VA,MADISON,5,8,4,35.3,149,76.4,70,16,0.11,2.415,0.20179,-0.07551,0.0626,-0.95884,1.08035,-1.07281,-0.76,3
2843,51115,51115,VA,MATHEWS,5,1,1,38.6,174,77.9,72,1,65.99,8.795,0.47479,0.67722,-0.05649,-1.09576,-1.19466,2.30437,1.11,4
2844,51117,51117,VA,MECKLENBURG,5,7,8,38.3,155,77.4,72,4,8.15,6.703,0.44997,0.10515,0.05211,-1.09576,-0.73966,1.19718,-0.03,3
2845,51119,51119,VA,MIDDLESEX,5,8,4,38.6,174,77.9,72,4,38.18,8.247,0.47479,0.67722,-0.05649,-1.09576,-0.73966,2.01464,1.27,4
2846,51121,51121,VA,MONTGOMERY,5,4,5,34.4,116,71.3,68,16,0.39,3.671,0.12734,-1.06911,1.35637,-0.82193,1.08035,-0.40788,0.27,4
2847,51125,51125,VA,NELSON,5,8,6,36.6,153,75.8,71,16,0.41,3.716,0.30933,0.04493,0.3359,-1.0273,1.08035,-0.38387,0.36,4
2848,51127,51127,VA,NEW KENT,5,2,2,37.5,174,77.5,72,4,6.23,6.434,0.38379,0.67722,-0.04368,-1.09576,-0.73966,1.055,0.24,4
2849,51131,51131,VA,NORTHAMPTON,5,9,9,40.4,174,78.6,72,1,73.93,8.908,0.62369,0.67722,-0.08967,-1.09576,-1.19466,2.36447,1.29,4
2850,51133,51133,VA,NORTHUMBERLA,5,9,9,38.6,174,77.9,72,4,32.68,8.092,0.47479,0.67722,-0.05649,-1.09576,-0.73966,1.93236,1.19,4
2851,51135,51135,VA,NOTTOWAY,5,6,6,38.3,155,77.4,72,4,0.44,3.791,0.44997,0.10515,0.05211,-1.09576,-0.73966,-0.34448,-1.57,3
2852,51137,51137,VA,ORANGE,5,6,4,35.3,149,76.4,70,10,0.49,3.902,0.20179,-0.07551,0.0626,-0.95884,0.17034,-0.28557,-0.89,3
2853,51139,51139,VA,PAGE,5,6,4,33.9,149,73.4,70,16,0.95,4.549,0.08598,-0.07551,0.74865,-0.95884,1.08035,0.05703,0.94,4
2854,51141,51141,VA,PATRICK,5,9,9,37.1,153,75.6,71,20,0.56,4.025,0.3507,0.04493,0.43274,-1.0273,1.68702,-0.22043,1.27,4
2855,51143,51143,VA,PITTSYLVANIA,5,3,2,39.3,153,77.9,71,10,0.81,4.39,0.53269,0.04493,0.0038,-1.0273,0.17034,-0.02739,-0.3,3
2856,51145,51145,VA,POWHATAN,5,2,2,35.8,155,76.8,72,4,0.43,3.754,0.24315,0.10515,-0.00189,-1.09576,-0.73966,-0.36403,-1.85,3
2857,51147,51147,VA,PRINCE EDWAR,5,7,8,38.0,155,76.8,72,4,0.3,3.4,0.42515,0.10515,0.1876,-1.09576,-0.73966,-0.55144,-1.67,3
2858,51149,51149,VA,PRINCE GEORG,5,2,2,40.5,174,79.1,72,4,5.61,6.331,0.63196,0.67722,-0.2155,-1.09576,-0.73966,0.99999,0.26,4
2859,51153,51153,VA,PRINCE WILLI,5,0,1,32.1,149,75.3,70,5,2.95,5.687,-0.06293,-0.07551,0.08275,-0.95884,-0.588,0.65947,-0.94,3
2860,51155,51155,VA,PULASKI,5,7,8,34.4,116,71.3,68,16,2.74,5.613,0.12734,-1.06911,1.35637,-0.82193,1.08035,0.62017,1.29,4
2861,51157,51157,VA,RAPPAHANNOCK,5,8,4,35.3,149,76.4,70,16,0.1,2.277,0.20179,-0.07551,0.0626,-0.95884,1.08035,-1.14596,-0.84,3
2862,51159,51159,VA,RICHMOND,5,9,9,38.6,174,77.9,72,4,11.52,7.049,0.47479,0.67722,-0.05649,-1.09576,-0.73966,1.38023,0.64,4
2863,51161,51161,VA,ROANOKE,5,3,2,36.4,152,75.2,64,16,0.07,1.967,0.29279,0.01482,0.48,-0.5481,1.08035,-1.30987,0.01,3
2864,51163,51163,VA,ROCKBRIDGE,5,6,6,36.1,152,74.9,64,16,0.22,3.096,0.26797,0.01482,0.53482,-0.5481,1.08035,-0.71196,0.64,4
2865,51165,51165,VA,ROCKINGHAM,5,5,7,33.2,152,73.3,64,20,0.25,3.22,0.02807,0.01482,0.71525,-0.5481,1.68702,-0.6465,1.25,4
2866,51167,51167,VA,RUSSELL,5,6,6,35.0,116,74.3,68,16,0.44,3.79,0.17697,-1.06911,0.60141,-0.82193,1.08035,-0.34484,-0.38,3
2867,51169,51169,VA,SCOTT,5,2,2,36.4,116,75.2,68,16,0.38,3.634,0.29279,-1.06911,0.48,-0.82193,1.08035,-0.4273,-0.47,3
2868,51171,51171,VA,SHENANDOAH,5,6,4,34.4,149,74.7,70,16,0.06,1.831,0.12734,-0.07551,0.44218,-0.95884,1.08035,-1.38155,-0.77,3
2869,51173,51173,VA,SMYTH,5,6,6,35.0,116,74.3,68,16,0.05,1.582,0.17697,-1.06911,0.60141,-0.82193,1.08035,-1.51372,-1.55,3
2870,51175,51175,VA,SOUTHAMPTON,5,6,4,39.7,174,77.6,72,3,0.47,3.843,0.56578,0.67722,0.11892,-1.09576,-0.89133,-0.31682,-0.94,3
2871,51177,51177,VA,SPOTSYLVANIA,5,0,1,35.4,155,76.9,72,4,2.7,5.598,0.21006,0.10515,-0.06323,-1.09576,-0.73966,0.61216,-0.97,3
2872,51179,51179,VA,STAFFORD,5,1,1,35.4,174,76.9,72,5,3.42,5.834,0.21006,0.67722,-0.06323,-1.09576,-0.588,0.73698,-0.12,3
2873,51181,51181,VA,SURRY,5,8,4,39.3,174,77.5,72,4,10.06,6.914,0.53269,0.67722,0.11135,-1.09576,-0.73966,1.30872,0.79,4
2874,51183,51183,VA,SUSSEX,5,8,6,40.5,174,79.1,72,4,0.43,3.752,0.63196,0.67722,-0.2155,-1.09576,-0.73966,-0.36492,-1.11,3
2875,51185,51185,VA,TAZEWELL,5,7,8,31.5,116,67.4,68,16,0.03,1.06,-0.11257,-1.06911,2.15522,-0.82193,1.08035,-1.79016,-0.56,3
2876,51187,51187,VA,WARREN,5,1,1,33.9,149,73.4,70,16,1.21,4.797,0.08598,-0.07551,0.74865,-0.95884,1.08035,0.18802,1.07,4
2877,51191,51191,VA,WASHINGTON,5,2,2,35.0,116,74.3,68,16,0.58,4.067,0.17697,-1.06911,0.60141,-0.82193,1.08035,-0.19841,-0.23,3
2878,51193,51193,VA,WESTMORELAND,5,6,4,35.4,174,76.9,72,4,9.29,6.834,0.21006,0.67722,-0.06323,-1.09576,-0.73966,1.26629,0.25,4
2879,51195,51195,VA,WISE,5,7,8,34.4,116,73.0,68,20,0.29,3.364,0.12734,-1.06911,0.89927,-0.82193,1.68702,-0.57048,0.25,4
2880,51197,51197,VA,WYTHE,5,7,8,34.4,116,71.3,68,16,0.29,3.384,0.12734,-1.06911,1.35637,-0.82193,1.08035,-0.55979,0.11,4
2881,51199,51199,VA,YORK,5,0,1,40.6,174,78.2,72,1,55.44,8.621,0.64299,0.67722,0.02902,-1.09576,-1.19466,2.21216,1.27,4
2882,51510,51013,VA,Alexandria,5,0,1,35.6,149,78.7,70,5,0.46,3.828,0.22661,-0.07551,-0.52999,-0.95884,-0.588,-2.35103,-2.25,2
2883,51515,51019,VA,Bedford City,5,3,2,37.9,153,75.8,71,16,1.89,5.24,0.41688,0.04493,0.44787,-1.0273,1.08035,-2.35103,1.39,4
2884,51520,51191,VA,Bristol City,5,2,2,35.0,116,74.3,68,16,0.58,4.067,0.17697,-1.06911,0.60141,-0.82193,1.08035,-2.35103,-0.23,3
2885,51530,51163,VA,Buena Vista City,5,6,6,36.1,152,74.9,64,16,0.22,3.096,0.26797,0.01482,0.53482,-0.5481,1.08035,-2.35103,0.64,4
2886,51540,51003,VA,Charlottesville,5,3,2,36.0,153,77.1,71,16,0.47,3.858,0.2597,0.04493,-0.06533,-1.0273,1.08035,-2.35103,-0.02,3
2887,51550,51550,VA,CHESAPEAKE,5,0,1,40.5,174,78.3,72,1,13.42,7.202,0.63196,0.67722,-3.9E-4,-1.09576,-1.19466,1.46105,0.48,4
2888,51560,51005,VA,Clifton Forge,5,6,6,31.6,152,70.2,64,20,0.23,3.13,-0.10429,0.01482,1.41097,-0.5481,1.68702,-2.35103,1.77,4
2889,51570,51041,VA,Colonial Hts City,5,2,2,37.5,155,77.9,72,4,2.92,5.678,0.38379,0.10515,-0.15123,-1.09576,-0.73966,-2.35103,-0.84,3
2890,51580,51005,VA,Covington,5,6,6,31.6,152,70.2,64,20,0.23,3.13,-0.10429,0.01482,1.41097,-0.5481,1.68702,-2.35103,1.77,4
2891,51590,51143,VA,Danville City,5,3,2,39.3,153,77.9,71,10,0.81,4.39,0.53269,0.04493,0.0038,-1.0273,0.17034,-2.35103,-0.3,3
2892,51595,51081,VA,Emporia City,5,6,6,39.7,174,77.6,72,4,0.47,3.859,0.56578,0.67722,0.11892,-1.09576,-0.73966,-2.35103,-0.78,3
2893,51600,51059,VA,Fairfax City,5,0,1,35.6,149,78.7,70,5,2.71,5.602,0.22661,-0.07551,-0.52999,-0.95884,-0.588,-2.35103,-1.31,3
2894,51610,51059,VA,Falls Church City,5,0,1,35.6,149,78.7,70,5,2.71,5.602,0.22661,-0.07551,-0.52999,-0.95884,-0.588,-2.35103,-1.31,3
2895,51620,51175,VA,Franklin City,5,6,4,39.7,174,77.6,72,3,0.47,3.843,0.56578,0.67722,0.11892,-1.09576,-0.89133,-2.35103,-0.94,3
2896,51630,51177,VA,Fredericksburg,5,0,1,35.4,155,76.9,72,4,2.7,5.598,0.21006,0.10515,-0.06323,-1.09576,-0.73966,-2.35103,-0.97,3
2897,51640,51035,VA,Galax City,5,7,8,34.4,116,71.3,68,20,0.27,3.287,0.12734,-1.06911,1.35637,-0.82193,1.68702,-2.35103,0.67,4
2898,51650,51199,VA,Hampton City,5,0,1,40.6,174,78.2,72,1,55.44,8.621,0.64299,0.67722,0.02902,-1.09576,-1.19466,-2.35103,1.27,4
2899,51660,51165,VA,Harrisonburg City,5,5,7,33.2,152,73.3,64,20,0.25,3.22,0.02807,0.01482,0.71525,-0.5481,1.68702,-2.35103,1.25,4
2900,51670,51149,VA,Hopewell City,5,2,2,40.5,174,79.1,72,4,5.61,6.331,0.63196,0.67722,-0.2155,-1.09576,-0.73966,-2.35103,0.26,4
2901,51678,51163,VA,Lexington City,5,6,6,36.1,152,74.9,64,16,0.22,3.096,0.26797,0.01482,0.53482,-0.5481,1.08035,-2.35103,0.64,4
2902,51680,51031,VA,Lynchburg,5,3,2,36.6,153,75.8,71,10,0.57,4.035,0.30933,0.04493,0.3359,-1.0273,0.17034,-2.35103,-0.38,3
2903,51683,51153,VA,Manassas City,5,0,1,32.1,149,75.3,70,5,2.95,5.687,-0.06293,-0.07551,0.08275,-0.95884,-0.588,-2.35103,-0.94,3
2904,51685,51153,VA,Manassas Park,5,0,1,32.1,149,75.3,70,5,2.95,5.687,-0.06293,-0.07551,0.08275,-0.95884,-0.588,-2.35103,-0.94,3
2905,51690,51089,VA,Martinsville City,5,4,5,37.1,153,75.6,71,10,0.53,3.968,0.3507,0.04493,0.43274,-1.0273,0.17034,-2.35103,-0.28,3
2906,51700,51199,VA,Newport News,5,0,1,40.6,174,78.2,72,1,55.44,8.621,0.64299,0.67722,0.02902,-1.09576,-1.19466,-2.35103,1.27,4
2907,51710,51550,VA,Norfolk City,5,0,1,40.5,174,78.3,72,1,13.42,7.202,0.63196,0.67722,-3.9E-4,-1.09576,-1.19466,-2.35103,0.48,4
2908,51720,51195,VA,Norton City,5,7,8,34.4,116,73.0,68,20,0.29,3.364,0.12734,-1.06911,0.89927,-0.82193,1.68702,-2.35103,0.25,4
2909,51730,51053,VA,Petersburg City,5,2,2,38.3,155,77.4,72,4,0.68,4.223,0.44997,0.10515,0.05211,-1.09576,-0.73966,-2.35103,-1.34,3
2910,51735,51199,VA,Poquoson City,5,0,1,40.6,174,78.2,72,1,55.44,8.621,0.64299,0.67722,0.02902,-1.09576,-1.19466,-2.35103,1.27,4
2911,51740,51550,VA,Portsmouth City,5,0,1,40.5,174,78.3,72,1,13.42,7.202,0.63196,0.67722,-3.9E-4,-1.09576,-1.19466,-2.35103,0.48,4
2912,51750,51121,VA,Radford City,5,4,5,34.4,116,71.3,68,16,0.39,3.671,0.12734,-1.06911,1.35637,-0.82193,1.08035,-2.35103,0.27,4
2913,51760,51087,VA,Richmond City,5,2,2,37.5,155,77.9,72,4,2.48,5.512,0.38379,0.10515,-0.15123,-1.09576,-0.73966,-2.35103,-0.93,3
2914,51770,51161,VA,Roanoke City,5,3,2,36.4,152,75.2,64,16,0.07,1.967,0.29279,0.01482,0.48,-0.5481,1.08035,-2.35103,0.01,3
2915,51775,51161,VA,Salem City,5,3,2,36.4,152,75.2,64,16,0.07,1.967,0.29279,0.01482,0.48,-0.5481,1.08035,-2.35103,0.01,3
2916,51780,51083,VA,South Boston City,5,6,6,39.3,153,77.9,71,14,1.24,4.818,0.53269,0.04493,0.0038,-1.0273,0.77701,-2.35103,0.53,4
2917,51790,51015,VA,Stauton,5,4,5,34.0,152,73.8,64,16,0.06,1.779,0.09425,0.01482,0.64971,-0.5481,1.08035,-2.35103,-0.12,3
2918,51800,51800,VA,SUFFOLK,5,0,1,39.7,174,77.6,72,1,6.76,6.516,0.56578,0.67722,0.11892,-1.09576,-1.19466,1.09832,0.17,4
2919,51810,51810,VA,VIRGINIA BEA,5,0,1,40.5,174,78.3,72,1,50.07,8.519,0.63196,0.67722,-3.9E-4,-1.09576,-1.19466,2.15822,1.18,4
2920,51820,51015,VA,Waynesboro,5,4,5,34.0,152,73.8,64,16,0.06,1.779,0.09425,0.01482,0.64971,-0.5481,1.08035,-2.35103,-0.12,3
2921,51830,51095,VA,Williamsburg City,5,0,1,39.3,174,77.5,72,4,19.6,7.581,0.53269,0.67722,0.11135,-1.09576,-0.73966,-2.35103,1.15,4
2922,51840,51069,VA,Winchester City,5,4,3,33.7,149,75.6,70,16,0.25,3.235,0.06943,-0.07551,0.13989,-0.95884,1.08035,-2.35103,-0.38,3
1449,29001,29001,MO,ADAIR,4,7,7,25.1,158,76.0,56,13,0.29,3.354,-0.64201,0.19547,-0.70838,-4.5E-4,0.62534,-0.5754,-1.11,3
1450,29003,29003,MO,ANDREW,4,3,2,25.8,161,77.3,53,13,0.3,3.409,-0.5841,0.2858,-0.99764,0.20493,0.62534,-0.54645,-1.01,3
1451,29005,29005,MO,ATCHISON,4,9,9,25.8,161,77.3,53,13,0.48,3.876,-0.5841,0.2858,-0.99764,0.20493,0.62534,-0.29933,-0.76,3
1452,29007,29007,MO,AUDRAIN,4,6,5,27.3,158,77.2,56,2,0.5,3.908,-0.46001,0.19547,-0.84155,-4.5E-4,-1.043,-0.28239,-2.43,2
1453,29009,29009,MO,BARRY,4,7,8,35.7,153,77.1,57,19,1.5,5.008,0.23488,0.04493,-0.09117,-0.0689,1.53535,0.29977,1.95,4
1454,29011,29011,MO,BARTON,4,6,6,31.5,153,77.9,57,4,0.41,3.707,-0.11257,0.04493,-0.66802,-0.0689,-0.73966,-0.38893,-1.93,3
1455,29013,29013,MO,BATES,4,6,4,31.8,161,78.6,53,4,0.34,3.528,-0.08775,0.2858,-0.83039,0.20493,-0.73966,-0.48346,-1.65,3
1456,29015,29015,MO,BENTON,4,9,9,32.5,161,78.8,53,14,6.24,6.437,-0.02984,0.2858,-0.82388,0.20493,0.77701,1.05612,1.47,4
1457,29017,29017,MO,BOLLINGER,4,9,9,34.1,170,77.5,57,19,0.07,1.98,0.10252,0.55678,-0.33653,-0.0689,1.53535,-1.30285,0.49,4
1458,29019,29019,MO,BOONE,4,3,2,29.3,158,77.3,56,14,0.84,4.432,-0.29456,0.19547,-0.69618,-4.5E-4,0.77701,-0.00525,-0.02,3
1459,29021,29021,MO,BUCHANAN,4,3,2,26.2,161,78.2,53,13,1.17,4.76,-0.55101,0.2858,-1.20518,0.20493,0.62534,0.1686,-0.47,3
1460,29023,29023,MO,BUTLER,4,7,7,36.4,141,79.6,58,14,0.2,3.011,0.29279,-0.31638,-0.70307,-0.13736,0.77701,-0.75701,-0.84,3
1461,29025,29025,MO,CALDWELL,4,8,4,26.2,161,76.8,53,4,0.09,2.18,-0.55101,0.2858,-0.82874,0.20493,-0.73966,-1.1973,-2.83,2
1462,29027,29027,MO,CALLAWAY,4,6,5,28.5,158,77.2,56,14,0.96,4.569,-0.36074,0.19547,-0.73819,-4.5E-4,0.77701,0.06742,-0.06,3
1463,29029,29029,MO,CAMDEN,4,7,8,31.2,161,77.6,53,14,7.58,6.63,-0.13738,0.2858,-0.61319,0.20493,0.77701,1.15862,1.68,4
1464,29031,29031,MO,CAPE GIRARDE,4,5,7,34.6,170,79.1,57,14,1.31,4.874,0.14388,0.55678,-0.72367,-0.0689,0.77701,0.22886,0.91,4
1465,29033,29033,MO,CARROLL,4,6,4,28.2,161,78.1,53,13,1.1,4.705,-0.38556,0.2858,-1.00603,0.20493,0.62534,0.13946,-0.14,3
1466,29035,29035,MO,CARTER,4,9,9,35.2,170,78.1,57,19,0.28,3.342,0.19352,0.55678,-0.40311,-0.0689,1.53535,-0.58175,1.23,4
1467,29037,29037,MO,CASS,4,1,1,30.0,161,78.4,53,4,0.51,3.939,-0.23665,0.2858,-0.93165,0.20493,-0.73966,-0.26592,-1.68,3
1468,29039,29039,MO,CEDAR,4,7,8,31.8,161,78.6,53,14,4.53,6.115,-0.08775,0.2858,-0.83039,0.20493,0.77701,0.88604,1.24,4
1469,29041,29041,MO,CHARITON,4,9,8,28.2,161,78.1,53,13,1.61,5.082,-0.38556,0.2858,-1.00603,0.20493,0.62534,0.33921,0.06,4
1470,29043,29043,MO,CHRISTIAN,4,2,2,33.9,153,78.5,57,19,0.16,2.759,0.08598,0.04493,-0.62263,-0.0689,1.53535,-0.89079,0.08,4
1471,29045,29045,MO,CLARK,4,9,9,26.4,158,76.9,56,13,0.9,4.496,-0.53447,0.19547,-0.83841,-4.5E-4,0.62534,0.0289,-0.52,3
1472,29047,29047,MO,CLAY,4,0,1,27.8,161,78.8,53,13,3.1,5.738,-0.41865,0.2858,-1.22869,0.20493,0.62534,0.68624,0.15,4
1473,29049,29049,MO,CLINTON,4,1,1,26.2,161,76.8,53,4,1.11,4.711,-0.55101,0.2858,-0.82874,0.20493,-0.73966,0.14295,-1.49,3
1474,29051,29051,MO,COLE,4,4,5,31.0,161,77.4,53,14,1.89,5.243,-0.15393,0.2858,-0.57664,0.20493,0.77701,0.42412,0.96,4
1475,29053,29053,MO,COOPER,4,6,6,28.0,161,77.4,53,13,0.91,4.513,-0.40211,0.2858,-0.83504,0.20493,0.62534,0.03784,-0.08,3
1476,29055,29055,MO,CRAWFORD,4,6,4,31.4,170,77.5,57,14,0.17,2.822,-0.12084,0.55678,-0.56908,-0.0689,0.77701,-0.8574,-0.28,3
1477,29057,29057,MO,DADE,4,8,6,33.8,153,78.3,57,14,3.15,5.753,0.0777,0.04493,-0.57747,-0.0689,0.77701,0.69438,0.95,4
1478,29059,29059,MO,DALLAS,4,8,6,33.4,153,77.2,57,14,0.24,3.16,0.04461,0.04493,-0.31615,-0.0689,0.77701,-0.67814,-0.2,3
1479,29061,29061,MO,DAVIESS,4,9,9,26.2,161,76.8,53,4,0.37,3.618,-0.55101,0.2858,-0.82874,0.20493,-0.73966,-0.43605,-2.06,3
1480,29063,29063,MO,DE KALB,4,8,6,27.8,161,78.8,53,4,0.37,3.62,-0.41865,0.2858,-1.22869,0.20493,-0.73966,-0.43476,-2.33,2
1481,29065,29065,MO,DENT,4,7,8,31.9,170,76.8,57,19,0.13,2.554,-0.07948,0.55678,-0.3378,-0.0689,1.53535,-0.99923,0.61,4
1482,29067,29067,MO,DOUGLAS,4,6,6,35.7,153,77.8,57,19,0.01,0.0,0.23488,0.04493,-0.27938,-0.0689,1.53535,-2.35103,-0.88,3
1483,29069,29069,MO,DUNKLIN,4,7,7,38.0,141,80.2,58,4,0.27,3.304,0.42515,-0.31638,-0.72659,-0.13736,-0.73966,-0.60187,-2.1,3
1484,29071,29071,MO,FRANKLIN,4,1,1,32.1,158,77.5,56,14,0.81,4.4,-0.06293,0.19547,-0.50879,-4.5E-4,0.77701,-0.02207,0.38,4
1485,29073,29073,MO,GASCONADE,4,6,4,32.1,158,77.5,56,14,0.96,4.567,-0.06293,0.19547,-0.50879,-4.5E-4,0.77701,0.06659,0.47,4
1486,29075,29075,MO,GENTRY,4,8,6,25.2,161,76.5,53,13,0.06,1.774,-0.63374,0.2858,-0.83421,0.20493,0.62534,-1.41181,-1.76,3
1487,29077,29077,MO,GREENE,4,2,2,32.9,153,77.8,57,19,0.42,3.732,0.00325,0.04493,-0.52055,-0.0689,1.53535,-0.37569,0.62,4
1488,29079,29079,MO,GRUNDY,4,7,8,26.4,161,77.0,53,13,0.49,3.898,-0.53447,0.2858,-0.86529,0.20493,0.62534,-0.28755,-0.57,3
1489,29081,29081,MO,HARRISON,4,7,8,25.1,161,76.5,53,13,0.18,2.892,-0.64201,0.2858,-0.84282,0.20493,0.62534,-0.82011,-1.19,3
1490,29083,29083,MO,HENRY,4,6,4,29.6,161,77.7,53,4,4.11,6.019,-0.26974,0.2858,-0.77789,0.20493,-0.73966,0.83503,-0.46,3
1491,29085,29085,MO,HICKORY,4,9,9,31.2,161,77.6,53,14,3.18,5.763,-0.13738,0.2858,-0.61319,0.20493,0.77701,0.69969,1.22,4
1492,29087,29087,MO,HOLT,4,8,6,25.8,161,77.3,53,13,1.53,5.031,-0.5841,0.2858,-0.99764,0.20493,0.62534,0.312,-0.15,3
1493,29089,29089,MO,HOWARD,4,6,6,29.2,161,77.0,53,13,1.03,4.631,-0.30283,0.2858,-0.62413,0.20493,0.62534,0.10046,0.29,4
1494,29091,29091,MO,HOWELL,4,7,8,33.8,170,77.6,57,19,0.06,1.797,0.0777,0.55678,-0.38925,-0.0689,1.53535,-1.39977,0.31,4
1495,29093,29093,MO,IRON,4,9,9,33.3,170,76.8,57,19,0.12,2.496,0.03634,0.55678,-0.21722,-0.0689,1.53535,-1.02971,0.81,4
1496,29095,29095,MO,JACKSON,4,0,1,27.8,161,78.8,53,4,1.84,5.215,-0.41865,0.2858,-1.22869,0.20493,-0.73966,0.40957,-1.49,3
1497,29097,29097,MO,JASPER,4,3,2,34.4,153,79.9,57,4,0.24,3.185,0.12734,0.04493,-0.956,-0.0689,-0.73966,-0.66508,-2.26,2
1498,29099,29099,MO,JEFFERSON,4,1,1,32.2,170,79.9,57,19,1.1,4.698,-0.05466,0.55678,-1.14549,-0.0689,1.53535,0.13601,0.96,4
1499,29101,29101,MO,JOHNSON,4,6,3,31.3,161,79.3,53,4,0.3,3.385,-0.12911,0.2858,-1.06168,0.20493,-0.73966,-0.55902,-2.0,3
1500,29103,29103,MO,KNOX,4,9,9,23.4,158,75.7,56,13,0.21,3.05,-0.78264,0.19547,-0.77414,-4.5E-4,0.62534,-0.7366,-1.47,3
1501,29105,29105,MO,LACLEDE,4,6,6,33.4,153,77.2,57,14,0.28,3.327,0.04461,0.04493,-0.31615,-0.0689,0.77701,-0.58974,-0.11,3
1502,29107,29107,MO,LAFAYETTE,4,1,1,27.7,161,79.1,53,4,1.49,5.005,-0.42692,0.2858,-1.31797,0.20493,-0.73966,0.29834,-1.7,3
1503,29109,29109,MO,LAWRENCE,4,6,6,34.1,153,77.9,57,5,0.05,1.587,0.10252,0.04493,-0.44408,-0.0689,-0.588,-1.5108,-2.46,2
1504,29111,29111,MO,LEWIS,4,7,8,26.4,158,76.9,56,13,1.14,4.737,-0.53447,0.19547,-0.83841,-4.5E-4,0.62534,0.15658,-0.4,3
1505,29113,29113,MO,LINCOLN,4,1,1,28.9,158,76.8,56,14,1.55,5.044,-0.32765,0.19547,-0.59619,-4.5E-4,0.77701,0.31883,0.37,4
1506,29115,29115,MO,LINN,4,7,8,27.4,161,78.2,53,13,0.18,2.883,-0.45174,0.2858,-1.10182,0.20493,0.62534,-0.82517,-1.26,3
1507,29117,29117,MO,LIVINGSTON,4,7,8,26.7,161,77.2,53,2,0.72,4.275,-0.50965,0.2858,-0.89323,0.20493,-1.043,-0.08821,-2.04,3
1508,29119,29119,MO,MC DONALD,4,8,6,34.4,153,76.9,57,19,0.04,1.259,0.12734,0.04493,-0.14936,-0.0689,1.53535,-1.68484,-0.2,3
1509,29121,29121,MO,MACON,4,7,8,25.0,158,76.5,56,13,1.08,4.68,-0.65028,0.19547,-0.85144,-4.5E-4,0.62534,0.12646,-0.55,3
1510,29123,29123,MO,MADISON,4,9,8,33.3,170,76.8,57,19,0.17,2.861,0.03634,0.55678,-0.21722,-0.0689,1.53535,-0.83648,1.01,4
1511,29125,29125,MO,MARIES,4,9,9,31.4,170,77.5,57,14,0.42,3.73,-0.12084,0.55678,-0.56908,-0.0689,0.77701,-0.37636,0.2,4
1512,29127,29127,MO,MARION,4,5,7,26.6,158,76.3,56,4,1.34,4.901,-0.51792,0.19547,-0.65985,-4.5E-4,-0.73966,0.24332,-1.48,3
1513,29129,29129,MO,MERCER,4,9,9,25.1,161,76.5,53,13,0.16,2.802,-0.64201,0.2858,-0.84282,0.20493,0.62534,-0.86787,-1.24,3
1514,29131,29131,MO,MILLER,4,7,8,32.7,161,78.2,53,14,1.29,4.856,-0.01329,0.2858,-0.64532,0.20493,0.77701,0.21943,0.83,4
1515,29133,29133,MO,MISSISSIPPI,4,7,8,35.3,141,79.3,58,1,3.67,5.906,0.20179,-0.31638,-0.71715,-0.13736,-1.19466,0.7752,-1.39,3
1516,29135,29135,MO,MONITEAU,4,6,6,32.7,161,78.2,53,14,0.56,4.019,-0.01329,0.2858,-0.64532,0.20493,0.77701,-0.2238,0.39,4
1517,29137,29137,MO,MONROE,4,9,8,27.8,158,77.0,56,4,3.62,5.891,-0.41865,0.19547,-0.74471,-4.5E-4,-0.73966,0.76715,-0.94,3
1518,29139,29139,MO,MONTGOMERY,4,8,4,28.5,158,77.2,56,14,0.6,4.094,-0.36074,0.19547,-0.73819,-4.5E-4,0.77701,-0.18402,-0.31,3
1519,29141,29141,MO,MORGAN,4,9,9,32.7,161,78.2,53,14,2.68,5.591,-0.01329,0.2858,-0.64532,0.20493,0.77701,0.60871,1.22,4
1520,29143,29143,MO,NEW MADRID,4,7,7,35.3,141,79.3,58,1,2.87,5.658,0.20179,-0.31638,-0.71715,-0.13736,-1.19466,0.64411,-1.52,3
1521,29145,29145,MO,NEWTON,4,3,2,36.0,153,78.7,57,19,0.04,1.343,0.2597,0.04493,-0.49553,-0.0689,1.53535,-1.64027,-0.36,3
1522,29147,29147,MO,NODAWAY,4,6,5,23.1,161,75.7,53,4,0.13,2.555,-0.80746,0.2858,-0.79998,0.20493,-0.73966,-0.9985,-2.85,2
1523,29149,29149,MO,OREGON,4,9,9,33.7,170,76.8,57,14,0.02,0.821,0.06943,0.55678,-0.18276,-0.0689,0.77701,-1.91622,-0.76,3
1524,29151,29151,MO,OSAGE,4,9,9,31.0,158,77.4,56,14,1.19,4.779,-0.15393,0.19547,-0.57664,-4.5E-4,0.77701,0.17876,0.42,4
1525,29153,29153,MO,OZARK,4,9,9,35.7,153,77.8,57,19,1.1,4.699,0.23488,0.04493,-0.27938,-0.0689,1.53535,0.13608,1.6,4
1526,29155,29155,MO,PEMISCOT,4,7,8,38.0,141,80.2,58,1,3.77,5.933,0.42515,-0.31638,-0.72659,-0.13736,-1.19466,0.78945,-1.16,3
1527,29157,29157,MO,PERRY,4,7,8,33.3,170,76.8,57,19,1.98,5.29,0.03634,0.55678,-0.21722,-0.0689,1.53535,0.44942,2.29,4
1528,29159,29159,MO,PETTIS,4,7,7,31.5,161,78.8,53,4,0.2,2.979,-0.11257,0.2858,-0.91001,0.20493,-0.73966,-0.77412,-2.05,3
1529,29161,29161,MO,PHELPS,4,7,7,31.4,170,77.5,57,14,0.21,3.054,-0.12084,0.55678,-0.56908,-0.0689,0.77701,-0.73426,-0.16,3
1530,29163,29163,MO,PIKE,4,6,4,28.8,158,76.6,56,14,1.74,5.159,-0.33592,0.19547,-0.55103,-4.5E-4,0.77701,0.37959,0.46,4
1531,29165,29165,MO,PLATTE,4,0,1,28.7,161,78.2,53,13,1.61,5.083,-0.3442,0.2858,-0.98985,0.20493,0.62534,0.33962,0.12,4
1532,29167,29167,MO,POLK,4,6,6,33.8,170,78.3,57,5,0.82,4.405,0.0777,0.55678,-0.57747,-0.0689,-0.588,-0.01924,-0.62,3
1533,29169,29169,MO,PULASKI,4,7,7,31.4,170,77.5,57,14,0.8,4.377,-0.12084,0.55678,-0.56908,-0.0689,0.77701,-0.03403,0.54,4
1534,29171,29171,MO,PUTNAM,4,9,9,23.6,161,75.7,53,13,0.33,3.511,-0.7661,0.2858,-0.75692,0.20493,0.62534,-0.49253,-0.9,3
1535,29173,29173,MO,RALLS,4,9,7,28.5,158,77.8,56,4,2.65,5.579,-0.36074,0.19547,-0.89952,-4.5E-4,-0.73966,0.60206,-1.2,3
1536,29175,29175,MO,RANDOLPH,4,6,5,27.8,158,77.0,56,13,1.08,4.681,-0.41865,0.19547,-0.74471,-4.5E-4,0.62534,0.1267,-0.22,3
1537,29177,29177,MO,RAY,4,1,1,27.7,161,79.1,53,13,0.72,4.272,-0.42692,0.2858,-1.31797,0.20493,0.62534,-0.08979,-0.72,3
1538,29179,29179,MO,REYNOLDS,4,9,9,35.2,170,78.1,57,19,0.39,3.674,0.19352,0.55678,-0.40311,-0.0689,1.53535,-0.40619,1.41,4
1539,29181,29181,MO,RIPLEY,4,9,9,36.2,170,79.1,57,14,0.35,3.55,0.27624,0.55678,-0.58586,-0.0689,0.77701,-0.47168,0.48,4
1540,29183,29183,MO,ST. CHARLES,4,0,1,31.1,158,78.8,56,14,5.41,6.293,-0.14566,0.19547,-0.94446,-4.5E-4,0.77701,0.98016,0.86,4
1541,29185,29185,MO,ST. CLAIR,4,9,9,31.8,161,78.6,53,14,3.59,5.885,-0.08775,0.2858,-0.83039,0.20493,0.77701,0.76388,1.11,4
1542,29186,29186,MO,STE. GENEVIE,4,6,4,33.3,170,76.8,57,19,1.28,4.856,0.03634,0.55678,-0.21722,-0.0689,1.53535,0.2194,2.06,4
1543,29187,29187,MO,ST. FRANCOIS,4,6,3,33.3,170,76.8,57,19,0.65,4.171,0.03634,0.55678,-0.21722,-0.0689,1.53535,-0.1433,1.7,4
1544,29189,29189,MO,ST. LOUIS,4,0,1,31.3,158,78.6,56,14,3.03,5.713,-0.12911,0.19547,-0.87346,-4.5E-4,0.77701,0.67297,0.64,4
1545,29195,29195,MO,SALINE,4,7,7,29.2,161,77.0,53,4,1.18,4.773,-0.30283,0.2858,-0.62413,0.20493,-0.73966,0.17531,-1.0,3
1546,29197,29197,MO,SCHUYLER,4,9,9,23.4,158,75.7,56,13,0.09,2.242,-0.78264,0.19547,-0.77414,-4.5E-4,0.62534,-1.16436,-1.9,3
1547,29199,29199,MO,SCOTLAND,4,9,9,23.4,158,75.7,56,13,0.18,2.889,-0.78264,0.19547,-0.77414,-4.5E-4,0.62534,-0.82152,-1.56,3
1548,29201,29201,MO,SCOTT,4,5,7,34.9,141,78.7,58,4,1.18,4.769,0.1687,-0.31638,-0.59028,-0.13736,-0.73966,0.1735,-1.44,3
1549,29203,29203,MO,SHANNON,4,9,9,33.7,170,76.8,57,19,0.01,0.401,0.06943,0.55678,-0.18276,-0.0689,1.53535,-2.13854,-0.23,3
1550,29205,29205,MO,SHELBY,4,9,9,27.4,158,76.9,56,4,0.31,3.423,-0.45174,0.19547,-0.75227,-4.5E-4,-0.73966,-0.53929,-2.29,2
1551,29207,29207,MO,STODDARD,4,7,8,35.3,141,79.3,58,4,0.22,3.078,0.20179,-0.31638,-0.71715,-0.13736,-0.73966,-0.72176,-2.43,2
1552,29209,29209,MO,STONE,4,8,6,33.9,153,78.5,57,19,9.33,6.839,0.08598,0.04493,-0.62263,-0.0689,1.53535,1.26891,2.24,4
1553,29211,29211,MO,SULLIVAN,4,9,9,26.4,161,77.0,53,13,0.07,1.997,-0.53447,0.2858,-0.86529,0.20493,0.62534,-1.29387,-1.58,3
1554,29213,29213,MO,TANEY,4,6,6,33.9,153,78.5,57,19,2.93,5.682,0.08598,0.04493,-0.62263,-0.0689,1.53535,0.65655,1.63,4
1555,29215,29215,MO,TEXAS,4,9,8,34.4,170,77.4,57,19,0.06,1.767,0.12734,0.55678,-0.2838,-0.0689,1.53535,-1.41591,0.45,4
1556,29217,29217,MO,VERNON,4,7,8,33.1,161,79.4,53,4,0.37,3.609,0.0198,0.2858,-0.93353,0.20493,-0.73966,-0.44087,-1.6,3
1557,29219,29219,MO,WARREN,4,1,1,31.1,158,78.8,56,14,1.38,4.93,-0.14566,0.19547,-0.94446,-4.5E-4,0.77701,0.25882,0.14,4
1558,29221,29221,MO,WASHINGTON,4,6,4,31.4,170,77.5,57,19,0.35,3.548,-0.12084,0.55678,-0.56908,-0.0689,1.53535,-0.47277,0.86,4
1559,29223,29223,MO,WAYNE,4,9,9,35.2,170,78.1,57,19,1.69,5.127,0.19352,0.55678,-0.40311,-0.0689,1.53535,0.36311,2.18,4
1560,29225,29225,MO,WEBSTER,4,2,2,32.9,153,77.8,57,19,0.06,1.715,0.00325,0.04493,-0.52055,-0.0689,1.53535,-1.44308,-0.45,3
1561,29227,29227,MO,WORTH,4,9,9,25.2,161,76.5,53,13,0.09,2.154,-0.63374,0.2858,-0.83421,0.20493,0.62534,-1.21068,-1.56,3
1562,29229,29229,MO,WRIGHT,4,6,6,34.4,170,77.4,57,19,0.13,2.567,0.12734,0.55678,-0.2838,-0.0689,1.53535,-0.99223,0.87,4
1563,29510,29510,MO,ST. LOUIS CI,4,0,1,31.3,158,78.6,56,4,6.38,6.458,-0.12911,0.19547,-0.87346,-4.5E-4,-0.73966,1.06758,-0.48,3
959,21001,21001,KY,ADAIR,6,7,8,34.9,128,76.9,60,15,1.31,4.873,0.1687,-0.7078,-0.10629,-0.27427,0.92868,0.22858,0.24,4
960,21003,21003,KY,ALLEN,6,7,8,35.6,128,78.1,60,4,1.68,5.125,0.22661,-0.7078,-0.36866,-0.27427,-0.73966,0.36178,-1.5,3
961,21005,21005,KY,ANDERSON,6,6,6,32.9,131,76.2,63,14,0.79,4.367,0.00325,-0.61747,-0.09034,-0.47965,0.77701,-0.03941,-0.45,3
962,21007,21007,KY,BALLARD,6,9,9,36.3,131,78.7,59,4,8.2,6.709,0.28452,-0.61747,-0.46969,-0.20582,-0.73966,1.20055,-0.55,3
963,21009,21009,KY,BARREN,6,7,7,35.6,128,78.1,60,4,1.8,5.192,0.22661,-0.7078,-0.36866,-0.27427,-0.73966,0.39728,-1.47,3
964,21011,21011,KY,BATH,6,8,6,34.9,131,76.0,63,14,1.59,5.07,0.1687,-0.61747,0.1357,-0.47965,0.77701,0.33274,0.32,4
965,21013,21013,KY,BELL,6,7,7,37.8,125,76.0,66,20,0.16,2.776,0.40861,-0.79812,0.38548,-0.68502,1.68702,-0.88172,0.12,4
966,21015,21015,KY,BOONE,6,0,1,31.1,131,75.6,63,14,4.17,6.033,-0.14566,-0.61747,-0.08405,-0.47965,0.77701,0.84223,0.29,4
967,21017,21017,KY,BOURBON,6,2,2,32.9,131,76.2,63,4,0.08,2.065,0.00325,-0.61747,-0.09034,-0.47965,-0.73966,-1.25794,-3.18,2
968,21019,21019,KY,BOYD,6,2,2,34.5,125,75.8,66,18,1.01,4.618,0.13561,-0.79812,0.15502,-0.68502,1.38368,0.09373,0.28,4
969,21021,21021,KY,BOYLE,6,7,7,33.8,131,75.4,63,14,0.6,4.089,0.0777,-0.61747,0.20228,-0.47965,0.77701,-0.18676,-0.23,3
970,21023,21023,KY,BRACKEN,6,8,4,32.4,131,74.8,63,14,2.71,5.604,-0.03811,-0.61747,0.24303,-0.47965,0.77701,0.6152,0.5,4
971,21025,21025,KY,BREATHITT,6,9,9,36.0,125,75.5,66,19,0.02,0.597,0.2597,-0.79812,0.36488,-0.68502,1.53535,-2.03491,-1.36,3
972,21027,21027,KY,BRECKINRIDGE,6,9,9,34.6,128,76.8,60,14,2.24,5.412,0.14388,-0.7078,-0.10525,-0.27427,0.77701,0.51372,0.35,4
973,21029,21029,KY,BULLITT,6,2,2,33.3,128,76.9,60,14,0.36,3.583,0.03634,-0.7078,-0.2441,-0.27427,0.77701,-0.4545,-0.87,3
974,21031,21031,KY,BUTLER,6,9,9,35.9,128,77.1,60,14,0.8,4.378,0.25143,-0.7078,-0.07394,-0.27427,0.77701,-0.03334,-0.06,3
975,21033,21033,KY,CALDWELL,6,6,6,36.0,131,77.8,59,14,0.34,3.54,0.2597,-0.61747,-0.25354,-0.20582,0.77701,-0.47722,-0.52,3
976,21035,21035,KY,CALLOWAY,6,7,7,36.8,131,78.5,59,4,5.97,6.392,0.32588,-0.61747,-0.37285,-0.20582,-0.73966,1.03257,-0.58,3
977,21037,21037,KY,CAMPBELL,6,0,1,32.1,131,76.2,63,14,4.94,6.203,-0.06293,-0.61747,-0.15924,-0.47965,0.77701,0.93247,0.39,4
978,21039,21039,KY,CARLISLE,6,9,9,36.3,131,78.7,59,4,3.28,5.793,0.28452,-0.61747,-0.46969,-0.20582,-0.73966,0.71559,-1.03,3
979,21041,21041,KY,CARROLL,6,6,4,33.7,131,77.4,63,14,5.23,6.26,0.06943,-0.61747,-0.34409,-0.47965,0.77701,0.96244,0.37,4
980,21043,21043,KY,CARTER,6,2,2,34.6,125,75.1,66,19,0.38,3.627,0.14388,-0.79812,0.35185,-0.68502,1.53535,-0.43103,0.12,4
981,21045,21045,KY,CASEY,6,9,9,34.9,128,76.9,60,14,0.03,0.99,0.1687,-0.7078,-0.10629,-0.27427,0.77701,-1.82681,-1.97,3
982,21047,21047,KY,CHRISTIAN,6,3,2,35.1,131,77.8,59,14,0.37,3.615,0.18525,-0.61747,-0.33106,-0.20582,0.77701,-0.43745,-0.63,3
983,21049,21049,KY,CLARK,6,2,2,34.9,131,76.0,63,14,0.33,3.506,0.1687,-0.61747,0.1357,-0.47965,0.77701,-0.49524,-0.51,3
984,21051,21051,KY,CLAY,6,9,9,36.0,125,75.5,66,19,0.01,0.396,0.2597,-0.79812,0.36488,-0.68502,1.53535,-2.14139,-1.46,3
985,21053,21053,KY,CLINTON,6,9,9,35.6,128,78.1,60,15,3.94,5.975,0.22661,-0.7078,-0.36866,-0.27427,0.92868,0.81193,0.62,4
986,21055,21055,KY,CRITTENDEN,6,7,8,35.9,131,77.9,59,14,2.37,5.47,0.25143,-0.61747,-0.28904,-0.20582,0.77701,0.54452,0.46,4
987,21057,21057,KY,CUMBERLAND,6,9,9,37.3,128,77.3,60,15,1.62,5.086,0.36724,-0.7078,-0.00713,-0.27427,0.92868,0.3414,0.65,4
988,21059,21059,KY,DAVIESS,6,3,2,34.9,131,78.2,59,4,2.91,5.674,0.1687,-0.61747,-0.45584,-0.20582,-0.73966,0.65246,-1.2,3
989,21061,21061,KY,EDMONSON,6,9,9,35.1,128,75.6,60,14,1.75,5.165,0.18525,-0.7078,0.26048,-0.27427,0.77701,0.38285,0.62,4
990,21063,21063,KY,ELLIOTT,6,8,6,34.6,125,75.1,66,19,0.52,3.957,0.14388,-0.79812,0.35185,-0.68502,1.53535,-0.25652,0.29,4
991,21065,21065,KY,ESTILL,6,6,6,36.0,125,75.5,66,19,0.66,4.197,0.2597,-0.79812,0.36488,-0.68502,1.53535,-0.12945,0.55,4
992,21067,21067,KY,FAYETTE,6,2,2,32.9,131,76.2,63,4,0.35,3.566,0.00325,-0.61747,-0.09034,-0.47965,-0.73966,-0.46343,-2.39,2
993,21069,21069,KY,FLEMING,6,7,8,34.6,131,75.1,63,14,0.12,2.481,0.14388,-0.61747,0.35185,-0.47965,0.77701,-1.03792,-0.86,3
994,21071,21071,KY,FLOYD,6,7,8,38.1,125,77.1,66,19,0.29,3.379,0.43342,-0.79812,0.11555,-0.68502,1.53535,-0.56258,0.04,3
995,21073,21073,KY,FRANKLIN,6,4,5,33.4,131,76.1,63,14,0.78,4.354,0.04461,-0.61747,-0.02039,-0.47965,0.77701,-0.04632,-0.34,3
996,21075,21075,KY,FULTON,6,7,8,35.9,131,78.4,59,4,9.37,6.843,0.25143,-0.61747,-0.42348,-0.20582,-0.73966,1.271,-0.46,3
997,21077,21077,KY,GALLATIN,6,1,1,33.0,131,76.1,63,14,5.58,6.324,0.01152,-0.61747,-0.05484,-0.47965,0.77701,0.99661,0.63,4
998,21079,21079,KY,GARRARD,6,6,6,36.1,131,76.2,63,4,1.14,4.738,0.26797,-0.61747,0.18528,-0.47965,-0.73966,0.15676,-1.23,3
999,21081,21081,KY,GRANT,6,1,1,31.8,131,75.6,63,14,0.33,3.496,-0.08775,-0.61747,-0.02376,-0.47965,0.77701,-0.50048,-0.93,3
1000,21083,21083,KY,GRAVES,6,7,8,36.6,131,78.2,59,4,0.15,2.714,0.30933,-0.61747,-0.30941,-0.20582,-0.73966,-0.91423,-2.48,2
1001,21085,21085,KY,GRAYSON,6,7,8,35.4,128,76.9,60,14,1.4,4.944,0.21006,-0.7078,-0.06323,-0.27427,0.77701,0.26611,0.21,4
1002,21087,21087,KY,GREEN,6,9,9,34.9,128,76.9,60,4,0.02,0.549,0.1687,-0.7078,-0.10629,-0.27427,-0.73966,-2.06049,-3.72,2
1003,21089,21089,KY,GREENUP,6,2,2,33.9,125,76.4,66,19,2.34,5.457,0.08598,-0.79812,-0.05799,-0.68502,1.53535,0.53759,0.62,4
1004,21091,21091,KY,HANCOCK,6,8,6,34.1,131,78.2,59,14,5.09,6.232,0.10252,-0.61747,-0.52474,-0.20582,0.77701,0.94777,0.48,4
1005,21093,21093,KY,HARDIN,6,4,5,33.2,128,75.8,60,14,0.3,3.391,0.02807,-0.7078,0.04305,-0.27427,0.77701,-0.55618,-0.69,3
1006,21095,21095,KY,HARLAN,6,7,8,34.4,125,73.0,66,20,0.17,2.813,0.12734,-0.79812,0.89927,-0.68502,1.68702,-0.86175,0.37,4
1007,21097,21097,KY,HARRISON,6,6,6,33.4,131,76.1,63,14,0.06,1.759,0.04461,-0.61747,-0.02039,-0.47965,0.77701,-1.41975,-1.72,3
1008,21099,21099,KY,HART,6,9,9,35.1,128,75.6,60,14,0.47,3.858,0.18525,-0.7078,0.26048,-0.27427,0.77701,-0.30877,-0.07,3
1009,21101,21101,KY,HENDERSON,6,2,2,34.6,131,77.6,59,4,5.8,6.363,0.14388,-0.61747,-0.32035,-0.20582,-0.73966,1.01735,-0.72,3
1010,21103,21103,KY,HENRY,6,8,6,32.8,131,75.7,63,14,0.61,4.119,-0.00502,-0.61747,0.03549,-0.47965,0.77701,-0.17079,-0.46,3
1011,21105,21105,KY,HICKMAN,6,9,9,36.6,131,78.2,59,4,3.35,5.815,0.30933,-0.61747,-0.30941,-0.20582,-0.73966,0.72701,-0.84,3
1012,21107,21107,KY,HOPKINS,6,7,7,35.9,131,77.9,59,14,0.66,4.196,0.25143,-0.61747,-0.28904,-0.20582,0.77701,-0.13011,-0.21,3
1013,21109,21109,KY,JACKSON,6,8,6,36.1,125,76.2,66,19,0.07,1.935,0.26797,-0.79812,0.18528,-0.68502,1.53535,-1.32671,-0.82,3
1014,21111,21111,KY,JEFFERSON,6,2,2,33.3,128,76.9,60,14,3.38,5.824,0.03634,-0.7078,-0.2441,-0.27427,0.77701,0.73203,0.32,4
1015,21113,21113,KY,JESSAMINE,6,2,2,32.9,131,76.2,63,4,0.75,4.311,0.00325,-0.61747,-0.09034,-0.47965,-0.73966,-0.06907,-1.99,3
1016,21115,21115,KY,JOHNSON,6,7,8,38.1,125,77.1,66,19,0.91,4.51,0.43342,-0.79812,0.11555,-0.68502,1.53535,0.0363,0.64,4
1017,21117,21117,KY,KENTON,6,0,1,32.1,131,76.2,63,5,1.45,4.98,-0.06293,-0.61747,-0.15924,-0.47965,-0.588,0.28511,-1.62,3
1018,21119,21119,KY,KNOTT,6,9,9,38.1,125,77.1,66,20,0.23,3.145,0.43342,-0.79812,0.11555,-0.68502,1.68702,-0.68607,0.07,4
1019,21121,21121,KY,KNOX,6,7,8,37.8,125,76.0,66,19,0.01,0.031,0.40861,-0.79812,0.38548,-0.68502,1.53535,-2.33452,-1.49,3
1020,21123,21123,KY,LARUE,6,7,8,33.2,128,75.8,60,14,0.11,2.398,0.02807,-0.7078,0.04305,-0.27427,0.77701,-1.08193,-1.22,3
1021,21125,21125,KY,LAUREL,6,7,8,37.8,125,76.0,66,19,1.82,5.203,0.40861,-0.79812,0.38548,-0.68502,1.53535,0.40323,1.25,4
1022,21127,21127,KY,LAWRENCE,6,8,6,34.5,125,75.8,66,19,0.31,3.432,0.13561,-0.79812,0.15502,-0.68502,1.53535,-0.5343,-0.19,3
1023,21129,21129,KY,LEE,6,9,9,36.0,125,75.5,66,19,0.64,4.165,0.2597,-0.79812,0.36488,-0.68502,1.53535,-0.14639,0.53,4
1024,21131,21131,KY,LESLIE,6,9,9,36.0,125,75.5,66,20,0.08,2.099,0.2597,-0.79812,0.36488,-0.68502,1.68702,-1.23976,-0.41,3
1025,21133,21133,KY,LETCHER,6,7,8,34.4,125,73.0,66,20,0.02,0.725,0.12734,-0.79812,0.89927,-0.68502,1.68702,-1.96742,-0.74,3
1026,21135,21135,KY,LEWIS,6,8,6,32.4,125,74.8,66,19,2.26,5.422,-0.03811,-0.79812,0.24303,-0.68502,1.53535,0.51906,0.78,4
1027,21137,21137,KY,LINCOLN,6,7,8,36.1,131,76.2,63,14,0.06,1.83,0.26797,-0.61747,0.18528,-0.47965,0.77701,-1.38218,-1.25,3
1028,21139,21139,KY,LIVINGSTON,6,9,9,36.0,131,79.2,59,14,7.63,6.637,0.2597,-0.61747,-0.62997,-0.20582,0.77701,1.16231,0.75,4
1029,21141,21141,KY,LOGAN,6,7,8,35.6,131,77.8,59,14,0.25,3.231,0.22661,-0.61747,-0.28799,-0.20582,0.77701,-0.64066,-0.75,3
1030,21143,21143,KY,LYON,6,9,9,36.0,131,77.8,59,14,15.88,7.37,0.2597,-0.61747,-0.25354,-0.20582,0.77701,1.55024,1.51,4
1031,21145,21145,KY,MC CRACKEN,6,5,7,36.0,131,79.2,59,4,6.33,6.45,0.2597,-0.61747,-0.62997,-0.20582,-0.73966,1.06313,-0.87,3
1032,21147,21147,KY,MC CREARY,6,9,9,37.8,125,76.0,66,19,0.68,4.223,0.40861,-0.79812,0.38548,-0.68502,1.53535,-0.11541,0.73,4
1033,21149,21149,KY,MC LEAN,6,8,6,35.4,131,77.0,59,4,0.73,4.296,0.21006,-0.61747,-0.09012,-0.20582,-0.73966,-0.07714,-1.52,3
1034,21151,21151,KY,MADISON,6,2,2,36.1,131,76.2,63,14,0.55,4.0,0.26797,-0.61747,0.18528,-0.47965,0.77701,-0.23355,-0.1,3
1035,21153,21153,KY,MAGOFFIN,6,9,9,36.0,125,75.5,66,19,0.0,0.0,0.2597,-0.79812,0.36488,-0.68502,1.53535,-2.35103,-1.67,3
1036,21155,21155,KY,MARION,6,7,8,33.8,128,75.4,60,14,0.06,1.801,0.0777,-0.7078,0.20228,-0.27427,0.77701,-1.39785,-1.32,3
1037,21157,21157,KY,MARSHALL,6,7,8,36.6,131,78.2,59,4,10.4,6.947,0.30933,-0.61747,-0.30941,-0.20582,-0.73966,1.32652,-0.24,3
1038,21159,21159,KY,MARTIN,6,9,9,38.1,125,77.1,66,19,0.05,1.561,0.43342,-0.79812,0.11555,-0.68502,1.53535,-1.52452,-0.92,3
1039,21161,21161,KY,MASON,6,6,4,32.4,131,74.8,63,14,2.23,5.405,-0.03811,-0.61747,0.24303,-0.47965,0.77701,0.51028,0.4,4
1040,21163,21163,KY,MEADE,6,6,5,34.6,128,76.8,60,14,4.85,6.183,0.14388,-0.7078,-0.10525,-0.27427,0.77701,0.92196,0.76,4
1041,21165,21165,KY,MENIFEE,6,9,9,34.9,125,76.0,66,19,1.03,4.638,0.1687,-0.79812,0.1357,-0.68502,1.53535,0.10426,0.46,4
1042,21167,21167,KY,MERCER,6,6,6,33.8,131,75.4,63,14,0.87,4.465,0.0777,-0.61747,0.20228,-0.47965,0.77701,0.01242,-0.03,3
1043,21169,21169,KY,METCALFE,6,9,9,35.1,128,75.6,60,4,0.02,0.878,0.18525,-0.7078,0.26048,-0.27427,-0.73966,-1.88636,-3.16,2
1044,21171,21171,KY,MONROE,6,7,8,37.3,128,77.3,60,15,0.39,3.667,0.36724,-0.7078,-0.00713,-0.27427,0.92868,-0.40984,-0.1,3
1045,21173,21173,KY,MONTGOMERY,6,6,6,34.9,131,76.0,63,14,0.11,2.357,0.1687,-0.61747,0.1357,-0.47965,0.77701,-1.10322,-1.12,3
1046,21175,21175,KY,MORGAN,6,9,9,34.6,125,75.1,66,19,0.64,4.152,0.14388,-0.79812,0.35185,-0.68502,1.53535,-0.15304,0.39,4
1047,21177,21177,KY,MUHLENBERG,6,7,8,35.9,131,77.1,59,14,0.99,4.592,0.25143,-0.61747,-0.07394,-0.20582,0.77701,0.07948,0.21,4
1048,21179,21179,KY,NELSON,6,6,6,33.2,128,75.8,60,14,0.33,3.511,0.02807,-0.7078,0.04305,-0.27427,0.77701,-0.4925,-0.63,3
1049,21181,21181,KY,NICHOLAS,6,8,6,32.9,131,76.2,63,14,0.12,2.501,0.00325,-0.61747,-0.09034,-0.47965,0.77701,-1.02729,-1.43,3
1050,21183,21183,KY,OHIO,6,6,6,35.4,131,77.0,59,14,0.49,3.897,0.21006,-0.61747,-0.09012,-0.20582,0.77701,-0.28806,-0.21,3
1051,21185,21185,KY,OLDHAM,6,2,2,33.2,131,75.3,63,4,3.74,5.925,0.02807,-0.61747,0.17749,-0.47965,-0.73966,0.78554,-0.85,3
1052,21187,21187,KY,OWEN,6,8,6,31.8,131,75.6,63,14,0.57,4.039,-0.08775,-0.61747,-0.02376,-0.47965,0.77701,-0.2132,-0.64,3
1053,21189,21189,KY,OWSLEY,6,9,9,36.0,125,75.5,66,19,0.0,0.0,0.2597,-0.79812,0.36488,-0.68502,1.53535,-2.35103,-1.67,3
1054,21191,21191,KY,PENDLETON,6,1,1,31.8,131,75.6,63,14,0.47,3.856,-0.08775,-0.61747,-0.02376,-0.47965,0.77701,-0.30997,-0.74,3
1055,21193,21193,KY,PERRY,6,7,8,38.1,125,77.1,66,20,0.14,2.66,0.43342,-0.79812,0.11555,-0.68502,1.68702,-0.94282,-0.19,3
1056,21195,21195,KY,PIKE,6,7,8,38.1,125,77.1,66,20,0.15,2.688,0.43342,-0.79812,0.11555,-0.68502,1.68702,-0.92809,-0.18,3
1057,21197,21197,KY,POWELL,6,6,6,34.9,125,76.0,66,19,0.04,1.357,0.1687,-0.79812,0.1357,-0.68502,1.53535,-1.63274,-1.28,3
1058,21199,21199,KY,PULASKI,6,7,7,37.8,125,76.0,66,14,2.28,5.43,0.40861,-0.79812,0.38548,-0.68502,0.77701,0.52337,0.61,4
1059,21201,21201,KY,ROBERTSON,6,9,9,33.4,131,76.1,63,14,0.04,1.385,0.04461,-0.61747,-0.02039,-0.47965,0.77701,-1.61779,-1.91,3
1060,21203,21203,KY,ROCKCASTLE,6,6,6,36.1,125,76.2,66,19,0.17,2.832,0.26797,-0.79812,0.18528,-0.68502,1.53535,-0.85201,-0.35,3
1061,21205,21205,KY,ROWAN,6,7,8,34.6,125,75.1,66,19,1.9,5.245,0.14388,-0.79812,0.35185,-0.68502,1.53535,0.42554,0.97,4
1062,21207,21207,KY,RUSSELL,6,9,9,34.9,128,76.9,60,15,10.36,6.943,0.1687,-0.7078,-0.10629,-0.27427,0.92868,1.32403,1.33,4
1063,21209,21209,KY,SCOTT,6,2,2,33.4,131,76.1,63,14,0.04,1.437,0.04461,-0.61747,-0.02039,-0.47965,0.77701,-1.59063,-1.89,3
1064,21211,21211,KY,SHELBY,6,6,6,32.8,131,75.7,63,14,0.38,3.641,-0.00502,-0.61747,0.03549,-0.47965,0.77701,-0.4239,-0.71,3
1065,21213,21213,KY,SIMPSON,6,6,6,35.6,131,77.8,59,4,0.0,0.0,0.22661,-0.61747,-0.28799,-0.20582,-0.73966,-2.35103,-3.98,2
1066,21215,21215,KY,SPENCER,6,8,6,32.8,131,75.7,63,14,3.07,5.727,-0.00502,-0.61747,0.03549,-0.47965,0.77701,0.68055,0.39,4
1067,21217,21217,KY,TAYLOR,6,7,8,34.9,128,76.9,60,14,2.61,5.563,0.1687,-0.7078,-0.10629,-0.27427,0.77701,0.59367,0.45,4
1068,21219,21219,KY,TODD,6,8,6,35.6,131,77.8,59,14,0.16,2.8,0.22661,-0.61747,-0.28799,-0.20582,0.77701,-0.86884,-0.98,3
1069,21221,21221,KY,TRIGG,6,8,6,35.1,131,77.8,59,14,7.85,6.665,0.18525,-0.61747,-0.33106,-0.20582,0.77701,1.17728,0.99,4
1070,21223,21223,KY,TRIMBLE,6,8,6,33.7,131,77.4,63,14,4.72,6.158,0.06943,-0.61747,-0.34409,-0.47965,0.77701,0.9085,0.31,4
1071,21225,21225,KY,UNION,6,6,6,34.6,131,77.6,59,14,5.04,6.223,0.14388,-0.61747,-0.32035,-0.20582,0.77701,0.9432,0.72,4
